PurchaseID,UserID,ProductID,Size,Success
1,2996,950,L,0
2,7975,102,S,0
3,4207,109,M,1
4,1634,614,XL,1
5,7973,378,XL,1
6,1662,641,M,1
7,988,633,L,0
8,3122,1005,S,1
9,4875,34,L,0
10,7886,705,M,1
11,7932,368,XL,1
12,2844,263,XL,1
13,6716,933,S,0
14,575,1395,S,0
15,3261,344,M,0
16,5110,689,M,1
17,5783,776,S,1
18,6079,829,L,0
19,7314,164,XL,0
20,147,375,S,1
21,2792,45,XL,0
22,8463,628,XL,0
23,16,1414,XL,1
24,2964,1266,M,1
25,3584,933,S,0
26,4243,953,L,0
27,6599,460,L,0
28,7571,19,L,1
29,5808,1332,M,0
30,1032,799,S,1
31,8205,47,XL,0
32,1226,1277,L,0
33,8851,819,M,1
34,3946,823,M,1
35,8033,917,S,1
36,5086,483,S,1
37,3619,277,XL,0
38,6088,1401,L,0
39,1392,522,M,1
40,5913,1156,S,1
41,3178,816,M,0
42,2419,1337,L,0
43,2158,1164,S,1
44,7159,635,XL,1
45,2379,1162,S,0
46,6423,579,M,0
47,2221,136,S,0
48,3201,325,M,1
49,8113,1264,L,1
50,246,1174,M,1
51,6300,35,XL,0
52,609,912,L,0
53,352,574,S,1
54,8485,124,S,1
55,7890,700,M,1
56,3527,692,L,1
57,7620,40,M,1
58,1611,456,L,0
59,4176,1479,L,0
60,3628,362,XL,0
61,7246,1250,S,1
62,5008,308,M,1
63,436,1241,L,0
64,7894,294,XL,1
65,3858,494,S,1
66,3261,827,M,0
67,1817,296,L,1
68,8404,73,XL,1
69,2781,133,S,1
70,8677,485,M,0
71,7373,489,XL,0
72,6597,214,XL,1
73,2534,423,L,0
74,6843,360,M,0
75,2048,380,XL,1
76,5557,312,XL,0
77,2470,335,L,0
78,1162,381,S,1
79,7381,1059,L,0
80,3167,987,S,0
81,2609,1041,L,1
82,7935,147,S,1
83,1824,274,XL,1
84,4381,842,M,0
85,378,386,S,1
86,6593,66,XL,1
87,8934,495,M,1
88,8977,219,XL,0
89,561,80,M,0
90,5844,288,S,1
91,2436,422,XL,0
92,1221,500,S,0
93,124,282,XL,1
94,7497,1120,L,1
95,4174,1263,L,1
96,5903,1077,XL,1
97,6280,1458,M,0
98,7492,484,M,1
99,8563,1020,XL,0
100,4250,734,L,0
101,4513,895,S,0
102,4352,1093,M,0
103,5085,72,M,0
104,1605,662,L,1
105,854,870,L,0
106,8227,559,M,1
107,5304,257,S,0
108,1150,1318,XL,1
109,8003,646,XL,1
110,7367,596,S,1
111,4906,1280,XL,1
112,3642,1298,XL,0
113,7156,850,XL,1
114,2270,1095,M,1
115,6880,1242,XL,1
116,4960,24,M,0
117,7920,496,M,0
118,3520,886,XL,1
119,6608,1271,XL,0
120,5137,947,XL,1
121,1442,396,L,0
122,523,858,M,1
123,5092,466,S,0
124,8158,215,M,0
125,4749,831,XL,1
126,8856,807,M,1
127,7458,972,XL,0
128,3319,396,L,1
129,6354,272,S,0
130,1009,844,L,0
131,5678,19,S,0
132,7382,1253,M,1
133,8319,1149,S,1
134,6892,233,S,1
135,7938,205,XL,0
136,859,260,S,0
137,4584,1427,L,1
138,3410,488,S,0
139,6074,1197,XL,1
140,4804,1185,S,0
141,317,1297,L,0
142,3400,260,M,0
143,4667,776,S,0
144,304,1246,XL,0
145,1929,1140,XL,0
146,2450,1189,S,0
147,5426,1410,XL,0
148,1878,1369,M,1
149,749,297,S,0
150,3275,397,M,1
151,3227,152,S,1
152,8608,99,L,1
153,6722,446,XL,1
154,222,608,M,1
155,7958,1089,XL,1
156,3931,1439,L,1
157,2763,146,S,0
158,8077,1048,L,1
159,6287,577,XL,1
160,657,655,L,1
161,3367,1239,XL,1
162,5207,1394,S,0
163,6148,819,M,1
164,4537,532,L,1
165,1551,350,M,1
166,5291,1076,XL,0
167,892,205,S,0
168,3334,901,M,1
169,7130,765,XL,1
170,8123,121,M,1
171,1366,62,M,0
172,1054,1035,XL,0
173,5857,554,M,1
174,8901,1273,S,1
175,8494,646,M,0
176,7114,230,M,0
177,3317,89,S,0
178,6001,173,S,1
179,6154,441,S,1
180,7681,679,S,1
181,2042,1384,XL,1
182,4845,363,XL,1
183,1396,989,S,1
184,7775,552,S,1
185,4279,1249,L,0
186,8881,391,M,0
187,3255,466,S,0
188,7382,364,XL,1
189,3255,1192,M,0
190,3018,419,M,0
191,8650,1398,S,1
192,719,526,L,1
193,5701,723,S,0
194,6002,222,S,1
195,2731,137,L,1
196,2513,69,S,1
197,313,807,XL,0
198,3013,1213,L,0
199,3976,1074,S,1
200,2744,680,M,0
201,622,156,XL,0
202,3035,497,S,0
203,4212,778,L,1
204,3351,829,M,0
205,3625,196,M,0
206,8279,677,M,0
207,1249,763,XL,0
208,3062,476,XL,1
209,2375,229,XL,1
210,8328,1010,M,1
211,5746,1432,M,0
212,7125,930,L,0
213,362,491,XL,0
214,3345,219,L,0
215,1843,513,L,0
216,4674,21,S,0
217,5398,967,S,1
218,3104,684,XL,1
219,7153,1448,S,0
220,6553,108,S,1
221,136,1359,XL,0
222,6113,1374,S,0
223,1087,308,S,0
224,7709,257,M,1
225,209,437,M,0
226,5805,579,XL,0
227,514,417,S,1
228,3047,11,M,0
229,5360,1367,L,1
230,7402,1449,XL,1
231,2394,1369,XL,1
232,5087,1256,XL,0
233,1034,1329,S,1
234,1196,188,XL,0
235,7371,430,L,1
236,5070,1492,XL,1
237,8940,16,L,0
238,5723,724,XL,0
239,2078,1032,M,1
240,4807,631,S,0
241,4325,495,M,1
242,5775,1348,S,0
243,2640,926,XL,0
244,4331,309,M,0
245,3515,1473,XL,1
246,4054,479,XL,0
247,838,214,L,0
248,7020,135,XL,1
249,5620,976,M,1
250,8852,411,XL,0
251,3269,1444,XL,1
252,7989,579,M,0
253,3275,876,S,1
254,6529,1336,L,1
255,8389,594,S,0
256,64,270,M,1
257,7632,385,S,1
258,2084,807,M,0
259,2737,19,M,0
260,3789,323,S,0
261,6680,854,S,1
262,619,687,XL,0
263,7812,691,XL,1
264,7660,1001,L,0
265,4475,498,XL,1
266,8781,193,S,0
267,1673,903,M,0
268,4911,989,XL,0
269,6032,1287,L,0
270,5285,1353,M,0
271,107,373,XL,0
272,6018,1136,S,0
273,4428,1011,S,1
274,446,1248,S,0
275,7146,1388,L,1
276,2852,352,L,0
277,5709,1104,XL,1
278,5448,176,L,1
279,6105,864,L,0
280,1183,166,L,1
281,4776,424,M,0
282,3132,851,L,0
283,6541,609,S,0
284,3933,413,M,1
285,8672,1493,L,1
286,2795,677,XL,1
287,2597,755,XL,0
288,1275,1258,S,1
289,6205,1104,M,0
290,4754,461,XL,1
291,986,357,M,0
292,8594,146,L,0
293,8502,906,L,1
294,5711,184,S,0
295,7845,599,XL,1
296,3652,1464,M,1
297,5719,1000,XL,0
298,62,228,L,1
299,7916,1441,XL,0
300,880,941,M,1
301,1183,1100,S,0
302,2387,1236,XL,1
303,7858,1403,M,1
304,3048,632,XL,1
305,6224,1190,M,1
306,8073,1116,XL,1
307,8385,847,XL,1
308,8217,1452,S,1
309,3367,196,S,1
310,7328,251,L,0
311,8845,414,XL,1
312,5827,318,M,1
313,1218,545,XL,1
314,6660,652,L,1
315,1314,119,XL,0
316,1975,483,M,1
317,2654,704,M,0
318,7354,1021,L,0
319,2377,588,M,0
320,5769,163,XL,0
321,1559,1002,M,0
322,5835,102,XL,0
323,4621,574,M,0
324,1501,373,XL,1
325,3999,657,XL,1
326,4462,1314,S,1
327,5907,1107,S,0
328,5125,1469,L,1
329,5104,1108,L,1
330,1934,474,S,1
331,5270,62,L,0
332,3478,614,L,1
333,4542,95,L,1
334,7591,266,S,0
335,4890,434,M,1
336,7760,1143,XL,0
337,4492,1352,S,0
338,4048,938,S,0
339,6533,313,XL,1
340,4708,673,M,1
341,1628,239,S,1
342,8627,746,M,0
343,1260,739,M,0
344,3588,951,M,1
345,6503,777,M,1
346,7773,173,S,1
347,4889,806,L,0
348,5859,1171,M,0
349,2712,480,L,0
350,7959,354,L,1
351,1619,318,M,0
352,8800,747,L,0
353,2094,909,S,1
354,1682,803,XL,1
355,4679,1073,XL,1
356,6872,809,XL,0
357,430,719,XL,1
358,3089,399,XL,1
359,7567,356,XL,0
360,2377,96,XL,0
361,3874,142,S,1
362,7779,1467,L,1
363,651,1102,L,0
364,4702,540,M,1
365,7381,611,L,0
366,5117,984,XL,1
367,59,137,M,0
368,3071,276,S,0
369,524,1314,S,1
370,540,743,M,0
371,2781,69,S,1
372,3880,1145,S,0
373,2424,1185,L,1
374,7667,156,S,1
375,2845,181,S,1
376,3124,676,XL,0
377,3624,1263,L,0
378,3237,1051,M,1
379,4481,1202,L,1
380,6733,634,XL,1
381,3248,690,L,0
382,5555,620,L,1
383,5356,32,L,0
384,6479,1047,L,1
385,4863,173,M,0
386,1932,406,S,1
387,1266,28,S,1
388,107,1295,S,1
389,8917,276,L,1
390,2036,1440,XL,1
391,446,1495,M,0
392,1337,1480,L,0
393,7310,309,XL,1
394,8108,1451,S,0
395,4171,850,XL,1
396,8532,1124,L,0
397,4323,765,XL,0
398,3355,87,M,0
399,5574,1302,XL,1
400,8449,98,L,0
401,5094,995,XL,1
402,356,1488,L,1
403,7590,1009,M,0
404,6273,1132,XL,0
405,4993,1066,M,1
406,5715,589,XL,0
407,3955,479,M,1
408,6814,496,L,0
409,5581,216,M,0
410,7175,988,L,1
411,7828,481,XL,1
412,7212,1213,L,0
413,969,1138,S,1
414,807,323,L,0
415,1556,558,L,1
416,7173,1457,XL,0
417,7280,895,XL,1
418,6002,1176,M,1
419,4505,1070,M,1
420,3542,639,S,0
421,1608,501,XL,1
422,4580,1337,M,1
423,7107,1096,M,0
424,8726,910,S,0
425,3048,134,L,1
426,2517,61,S,0
427,1621,1370,M,0
428,7041,1476,L,1
429,923,1054,S,0
430,5497,1072,S,0
431,6493,244,XL,0
432,3578,320,S,1
433,8187,632,S,0
434,3566,776,M,0
435,5418,1443,M,1
436,8739,24,M,1
437,2951,1055,S,0
438,7959,621,XL,1
439,5655,615,S,0
440,302,1186,XL,1
441,4883,389,XL,0
442,4175,1422,XL,0
443,8801,1380,S,1
444,483,81,XL,1
445,1768,1428,L,1
446,5554,656,L,0
447,415,875,M,0
448,6996,599,M,1
449,4409,1163,XL,1
450,4599,1092,XL,1
451,1374,368,M,0
452,1203,940,S,0
453,6665,727,XL,0
454,3725,1375,M,0
455,4812,1469,M,0
456,1557,799,L,1
457,1202,837,XL,1
458,2752,731,S,0
459,5504,221,S,1
460,2997,1229,L,1
461,4833,483,M,1
462,8135,573,S,1
463,5975,393,L,0
464,2070,818,XL,1
465,2343,658,S,0
466,7945,15,L,1
467,1377,280,M,1
468,7836,863,M,1
469,807,757,M,1
470,4355,1199,S,0
471,5295,635,S,1
472,524,464,L,1
473,1579,480,L,1
474,333,1303,S,0
475,3448,557,L,0
476,8899,119,XL,0
477,5906,292,XL,1
478,4186,270,M,0
479,1524,1451,M,1
480,268,333,XL,0
481,6197,445,M,1
482,8464,337,XL,1
483,6554,918,XL,0
484,1794,645,L,0
485,29,612,S,0
486,7676,827,M,1
487,1520,989,L,0
488,674,1389,L,1
489,4598,1228,M,1
490,7111,260,S,0
491,2225,1233,L,1
492,8539,469,XL,0
493,6288,338,L,0
494,7054,1327,S,0
495,3341,1127,S,1
496,5027,73,XL,0
497,6888,1102,L,1
498,4332,1206,L,0
499,2429,444,XL,0
500,5871,1112,L,0
501,7029,909,M,1
502,6064,1187,XL,0
503,8169,272,XL,0
504,7899,1259,M,1
505,2166,68,L,0
506,72,1283,XL,0
507,2807,1086,M,1
508,2632,335,L,1
509,6429,1055,L,0
510,5635,129,XL,0
511,5023,318,L,1
512,7821,1185,S,0
513,1712,682,S,0
514,3587,193,L,1
515,6146,1168,S,1
516,5665,421,M,0
517,8226,564,L,1
518,2086,1266,S,1
519,2175,35,XL,1
520,4244,72,XL,1
521,7818,687,XL,0
522,6100,1379,S,0
523,4592,371,L,0
524,2108,130,S,1
525,450,428,XL,0
526,4846,1461,XL,1
527,8893,1106,S,1
528,8883,941,S,1
529,6411,332,S,1
530,2764,1383,XL,1
531,8127,186,L,1
532,5267,920,M,0
533,6639,278,XL,1
534,6929,1110,XL,0
535,684,644,L,0
536,2169,722,XL,1
537,1651,1246,M,1
538,4248,110,S,0
539,4267,1467,L,1
540,2385,22,XL,1
541,6238,838,XL,1
542,7915,486,L,1
543,1801,878,S,1
544,5570,998,L,1
545,6142,372,XL,1
546,1184,1198,L,1
547,5339,681,S,0
548,2473,135,M,0
549,7105,280,S,0
550,2164,1160,M,0
551,8933,268,M,0
552,3080,394,L,0
553,7470,395,M,1
554,2700,1254,S,0
555,5592,1068,L,1
556,1489,278,XL,0
557,3375,22,M,0
558,6692,1063,S,0
559,4678,56,XL,0
560,1824,835,L,0
561,4834,1148,M,0
562,6956,35,XL,1
563,4496,1296,S,0
564,8032,658,XL,1
565,4768,397,S,1
566,5530,22,XL,0
567,7625,9,S,1
568,7154,879,S,1
569,4062,1417,S,1
570,5940,1042,S,0
571,8728,1268,L,1
572,5675,237,L,0
573,4719,704,L,0
574,5409,1318,S,0
575,5641,1075,L,0
576,8227,1014,L,1
577,2568,620,L,0
578,8337,1053,L,0
579,6736,695,XL,0
580,3092,80,S,0
581,4571,388,S,1
582,4430,1188,XL,0
583,7190,970,XL,0
584,438,32,S,1
585,881,224,S,1
586,1233,1294,L,1
587,6733,786,S,0
588,4467,710,XL,1
589,4177,1248,XL,1
590,8139,649,L,1
591,4816,282,M,0
592,6303,1139,M,1
593,1365,275,L,0
594,2017,838,L,1
595,1165,130,L,0
596,7281,112,XL,0
597,6794,1236,XL,1
598,1147,1230,M,0
599,7757,708,M,1
600,4608,988,L,0
601,917,1253,L,0
602,1710,810,M,1
603,5867,786,M,0
604,7978,125,S,0
605,3653,1161,S,0
606,134,263,XL,0
607,2563,356,XL,0
608,8501,821,XL,1
609,4618,508,L,1
610,4632,1231,L,0
611,417,506,M,1
612,2326,1126,M,1
613,2877,453,M,1
614,2528,214,L,0
615,1859,1350,S,0
616,5299,301,XL,1
617,807,874,L,0
618,5151,1378,S,0
619,5561,1282,XL,1
620,4297,393,S,0
621,2078,986,XL,1
622,3545,404,L,1
623,6644,842,L,0
624,3239,765,XL,1
625,4707,188,L,1
626,3321,651,M,1
627,1188,360,L,0
628,2666,277,S,0
629,2350,722,M,0
630,2837,706,S,1
631,497,484,M,0
632,386,733,S,0
633,2250,1394,M,0
634,1831,1360,L,0
635,745,1375,XL,1
636,8645,1178,XL,1
637,6029,1223,S,0
638,2037,932,S,0
639,7093,805,M,0
640,5261,1170,XL,1
641,4706,1179,XL,1
642,8349,734,L,0
643,1375,74,S,0
644,8776,1119,M,1
645,1848,336,XL,1
646,737,1299,S,1
647,8825,1338,XL,0
648,411,1316,L,0
649,5593,1104,S,0
650,6566,109,M,1
651,7538,1148,M,0
652,436,281,L,1
653,5456,1431,L,0
654,8352,57,S,1
655,4568,325,XL,0
656,2882,91,L,1
657,2196,4,XL,1
658,3134,533,XL,0
659,3035,1483,L,0
660,3670,415,XL,0
661,5607,636,L,0
662,4608,1233,L,1
663,6832,263,XL,1
664,6355,745,L,1
665,2866,115,S,1
666,2812,397,M,1
667,3141,311,S,0
668,1387,607,M,0
669,8792,826,L,1
670,1186,939,S,0
671,627,109,XL,1
672,1323,286,XL,0
673,7701,472,M,1
674,5644,368,XL,0
675,8224,1130,M,1
676,7855,1476,L,0
677,1393,61,S,1
678,7638,67,XL,1
679,1378,373,XL,0
680,4545,247,L,0
681,8004,1462,M,0
682,5905,423,S,1
683,3935,925,M,1
684,7016,1301,L,0
685,7329,268,M,0
686,2240,338,L,1
687,476,1477,XL,0
688,2559,1213,XL,0
689,8666,613,M,0
690,8689,764,XL,1
691,8302,415,M,0
692,802,780,S,1
693,5006,1271,S,1
694,1498,688,L,0
695,1381,534,M,1
696,6704,1383,M,1
697,28,1261,M,0
698,4472,517,XL,1
699,5033,760,L,1
700,4584,755,L,1
701,2011,84,M,1
702,3393,336,XL,0
703,2024,970,L,1
704,3132,1087,S,1
705,4321,1228,M,1
706,7781,1286,S,0
707,1384,1278,XL,1
708,2859,471,XL,1
709,8924,64,M,1
710,6568,254,L,1
711,2090,1433,L,0
712,5541,981,XL,0
713,4421,979,S,0
714,6479,1077,L,1
715,4718,384,S,1
716,8309,98,S,0
717,581,125,XL,1
718,2146,104,S,0
719,4987,532,XL,1
720,186,643,L,1
721,1767,448,S,1
722,3576,903,L,0
723,8023,259,XL,0
724,1809,236,M,1
725,1417,1412,S,1
726,2782,162,M,1
727,1776,213,S,0
728,3022,428,S,1
729,5406,768,XL,1
730,5983,426,XL,1
731,3645,1210,M,1
732,8385,1476,S,1
733,1435,140,L,1
734,3885,563,M,0
735,5160,85,XL,0
736,8509,111,XL,1
737,7160,994,XL,0
738,190,1159,XL,1
739,3820,115,S,1
740,2225,190,S,0
741,1770,1467,L,1
742,1769,40,M,0
743,2962,1458,XL,1
744,4581,110,XL,0
745,8843,981,M,0
746,8316,537,S,1
747,1907,633,M,0
748,3787,731,S,1
749,4719,1379,L,1
750,7415,556,M,1
751,7458,1,M,0
752,4289,901,L,0
753,5894,1452,S,0
754,7073,1338,M,0
755,16,914,M,1
756,5200,1325,XL,1
757,5392,1466,M,1
758,7027,1187,M,1
759,1166,2,S,0
760,4730,786,S,1
761,2750,1187,L,1
762,6874,1302,M,0
763,6547,823,S,0
764,7869,943,S,1
765,5058,664,M,1
766,7666,32,L,0
767,3354,1122,M,0
768,7443,229,L,1
769,3452,1393,XL,1
770,3056,907,S,0
771,5363,778,S,0
772,8913,471,XL,0
773,2590,371,XL,0
774,1996,102,XL,0
775,2728,202,XL,0
776,4892,1195,S,0
777,686,519,XL,0
778,4553,816,M,0
779,5330,245,M,1
780,2776,589,L,0
781,8736,715,XL,1
782,4183,995,M,0
783,6586,136,S,0
784,5452,471,XL,0
785,1350,1124,L,0
786,5317,7,L,0
787,6231,778,S,0
788,4974,396,XL,1
789,186,479,M,0
790,576,1483,L,1
791,4429,933,XL,1
792,4329,154,XL,1
793,5491,5,M,1
794,2913,775,S,1
795,6624,1316,M,1
796,2768,1024,M,1
797,4909,1447,S,1
798,6036,1322,L,0
799,915,254,XL,0
800,859,356,M,1
801,720,754,XL,0
802,1929,1206,M,0
803,147,1286,S,1
804,6110,981,M,0
805,6907,1089,L,1
806,3447,2,L,0
807,6183,1015,L,0
808,5777,579,XL,1
809,7134,103,XL,1
810,8157,1294,XL,0
811,4994,249,M,0
812,3056,345,M,0
813,8259,997,L,0
814,2181,1152,S,1
815,3425,207,M,1
816,6526,1432,L,1
817,2706,553,M,0
818,5119,250,M,1
819,68,310,M,0
820,4193,106,S,1
821,8666,1370,M,1
822,2846,1426,M,1
823,8785,530,S,1
824,2783,147,M,0
825,6128,677,S,0
826,586,481,XL,0
827,3261,96,M,1
828,7344,89,M,1
829,6946,215,XL,0
830,3583,715,L,0
831,854,149,XL,1
832,135,171,XL,0
833,4901,863,S,1
834,6415,1338,S,0
835,723,1059,L,1
836,8037,1379,L,1
837,384,1332,L,0
838,613,1263,M,0
839,4798,799,S,0
840,4722,234,L,0
841,7278,1235,S,1
842,4009,138,S,0
843,7229,560,M,1
844,156,837,S,1
845,2289,255,M,0
846,1016,1391,S,1
847,5971,817,XL,1
848,7926,1284,L,1
849,7605,1100,L,0
850,8359,749,L,0
851,4065,444,L,1
852,1339,1498,L,0
853,6209,815,XL,0
854,5487,171,M,1
855,120,29,M,1
856,6889,502,L,0
857,8880,158,XL,0
858,5553,541,XL,1
859,6926,764,L,1
860,8308,475,L,1
861,705,207,L,0
862,325,348,M,0
863,8198,1488,S,0
864,1070,970,S,0
865,7210,1471,L,1
866,8381,908,M,1
867,1055,1160,L,1
868,4047,376,M,0
869,1946,497,M,1
870,1466,352,L,0
871,8481,88,XL,0
872,2919,389,XL,1
873,3461,1171,M,0
874,7135,1099,S,0
875,1913,81,L,0
876,2037,1180,XL,0
877,645,1304,S,1
878,6664,1190,L,0
879,4166,204,XL,0
880,4927,967,S,1
881,1774,204,S,0
882,5822,474,L,1
883,6480,744,XL,1
884,5432,1397,M,0
885,56,166,L,0
886,7167,797,M,0
887,6382,1256,XL,0
888,5330,108,M,0
889,62,433,S,0
890,4266,945,XL,1
891,175,221,L,1
892,3431,507,S,0
893,7973,1270,L,1
894,2755,989,XL,1
895,4868,843,XL,1
896,8671,358,S,1
897,5771,538,S,1
898,3614,746,M,0
899,8783,615,S,1
900,2639,124,M,0
901,2746,969,M,0
902,4768,1308,L,1
903,7644,150,M,0
904,6695,384,S,0
905,1931,924,M,1
906,1829,460,S,1
907,8992,704,XL,1
908,2613,979,S,1
909,1153,748,XL,0
910,2744,1427,M,0
911,7074,687,XL,0
912,5842,1108,M,1
913,5789,614,L,0
914,518,852,XL,1
915,6329,1072,S,1
916,971,466,S,0
917,6213,1365,M,1
918,5683,991,L,1
919,8717,389,L,1
920,4428,1352,M,0
921,1641,555,L,1
922,4740,890,XL,1
923,5764,101,M,1
924,6814,540,XL,1
925,6454,6,L,0
926,7233,750,XL,0
927,7869,532,XL,0
928,8607,878,XL,1
929,3057,1202,L,0
930,3498,1492,M,1
931,434,1067,L,1
932,227,857,XL,1
933,1852,560,S,1
934,56,745,S,1
935,290,117,XL,0
936,7910,1003,XL,0
937,3367,796,S,0
938,4093,633,L,1
939,6954,1273,L,0
940,834,713,L,0
941,8462,39,XL,0
942,3877,1417,L,0
943,6156,1185,L,0
944,5560,1254,XL,0
945,7645,982,L,0
946,8085,171,XL,0
947,7591,1009,XL,1
948,7088,769,XL,1
949,7792,1361,L,1
950,8767,753,S,0
951,6602,1481,L,1
952,1879,1418,L,0
953,1054,146,L,0
954,4438,1289,XL,0
955,7483,1273,S,0
956,2103,1021,XL,1
957,7645,811,S,0
958,8390,1122,M,0
959,5426,388,S,1
960,8125,555,L,1
961,7587,1183,XL,1
962,7566,1499,XL,0
963,5422,1049,M,0
964,8391,216,S,1
965,7978,1100,S,1
966,8117,1297,S,1
967,6163,713,S,1
968,173,1092,S,1
969,8896,69,XL,0
970,459,881,M,0
971,779,525,L,1
972,5763,1109,L,0
973,792,270,S,0
974,8161,1161,S,1
975,5499,858,XL,0
976,2330,746,M,1
977,664,300,M,0
978,2887,539,S,0
979,8012,1193,M,0
980,292,1374,XL,1
981,8514,556,M,0
982,1649,1034,S,0
983,6004,1440,XL,1
984,220,582,S,1
985,5272,1306,L,1
986,758,14,L,0
987,8383,1325,M,0
988,6833,1178,S,1
989,1343,1031,S,1
990,4969,677,XL,0
991,687,228,L,1
992,733,946,M,1
993,173,1218,S,1
994,2281,285,XL,1
995,7076,980,S,0
996,8943,1400,M,1
997,651,1256,XL,0
998,85,119,S,1
999,3021,1268,M,1
1000,5859,695,L,1
1001,6461,265,XL,1
1002,5359,927,XL,1
1003,7109,376,M,0
1004,4885,1493,S,1
1005,4356,1123,XL,0
1006,7738,658,S,0
1007,3016,948,XL,1
1008,5341,1182,M,1
1009,4341,77,L,1
1010,385,395,M,1
1011,453,281,XL,0
1012,3520,666,M,0
1013,7386,1236,S,0
1014,5324,629,M,1
1015,7035,589,XL,0
1016,6792,1379,L,1
1017,497,566,L,0
1018,8446,1305,L,1
1019,7074,1496,M,1
1020,7753,669,L,0
1021,7040,564,XL,1
1022,8621,1140,XL,1
1023,6673,497,S,0
1024,7650,1237,M,1
1025,1936,908,L,0
1026,4537,1005,L,1
1027,6425,176,L,1
1028,5910,263,S,1
1029,439,711,L,1
1030,3856,85,L,0
1031,2320,565,L,0
1032,2342,1361,S,1
1033,2390,751,L,0
1034,7474,173,L,0
1035,1495,625,S,1
1036,7353,274,XL,1
1037,7206,607,L,1
1038,2071,560,XL,1
1039,2649,809,S,1
1040,986,1105,M,1
1041,1060,831,XL,0
1042,8626,233,XL,1
1043,5486,1297,S,1
1044,7797,970,M,0
1045,1748,591,S,1
1046,5071,671,S,0
1047,5581,1448,XL,1
1048,4156,561,M,0
1049,2702,192,M,0
1050,5654,173,L,0
1051,1601,1149,L,0
1052,3999,258,L,1
1053,4983,693,S,1
1054,5825,55,L,0
1055,3478,152,S,1
1056,1149,668,M,1
1057,7639,424,L,1
1058,3010,464,S,0
1059,7510,194,S,0
1060,6601,266,M,1
1061,2052,253,L,0
1062,217,1027,M,1
1063,8664,1272,L,0
1064,7431,623,S,0
1065,3528,665,XL,0
1066,7835,834,XL,1
1067,5851,1161,S,0
1068,1965,701,L,0
1069,7523,1235,XL,0
1070,6845,241,XL,1
1071,6502,187,S,1
1072,2397,641,L,1
1073,5886,1431,M,1
1074,2309,1000,L,1
1075,4434,103,M,0
1076,4559,166,L,1
1077,5722,4,XL,0
1078,7991,1290,XL,0
1079,770,252,M,0
1080,3993,1272,L,1
1081,5209,472,M,0
1082,8634,926,XL,1
1083,3350,499,M,0
1084,6836,266,S,1
1085,6589,1260,XL,0
1086,5604,1208,L,0
1087,5822,1366,XL,0
1088,6667,16,M,0
1089,3630,784,S,0
1090,5191,1122,M,0
1091,3544,919,S,1
1092,383,1366,XL,0
1093,7566,796,XL,0
1094,238,915,M,1
1095,6519,618,S,1
1096,838,597,XL,1
1097,4142,993,XL,0
1098,72,387,XL,0
1099,2360,904,S,1
1100,8781,1447,S,0
1101,3347,1450,S,1
1102,5782,1244,L,0
1103,4384,1308,S,0
1104,7718,925,L,0
1105,2405,788,M,0
1106,6088,1247,XL,0
1107,5881,337,M,0
1108,6221,1102,XL,1
1109,7214,164,XL,0
1110,5009,225,M,1
1111,3975,1301,M,0
1112,6090,37,M,0
1113,8256,994,XL,0
1114,3703,1386,L,0
1115,8045,786,M,1
1116,4221,457,XL,1
1117,8954,1221,S,1
1118,1510,76,XL,0
1119,7221,761,L,1
1120,37,1336,L,0
1121,6669,514,S,1
1122,1994,272,L,0
1123,1697,676,XL,0
1124,357,99,L,0
1125,916,1108,M,0
1126,7553,290,M,0
1127,8381,98,S,0
1128,6326,1261,M,0
1129,7499,371,L,1
1130,504,1175,XL,0
1131,7249,1313,XL,0
1132,240,647,L,1
1133,8188,1075,XL,0
1134,7464,685,L,1
1135,5114,452,M,0
1136,2964,1072,XL,1
1137,236,626,M,0
1138,6859,1407,S,1
1139,151,1103,XL,1
1140,5608,1355,M,0
1141,2512,767,L,0
1142,6222,325,XL,1
1143,2024,1216,XL,1
1144,564,782,XL,0
1145,8546,946,XL,1
1146,8052,1384,XL,1
1147,4840,905,XL,0
1148,8029,44,L,1
1149,2268,217,XL,0
1150,7846,1080,L,0
1151,709,978,S,1
1152,4923,1035,L,0
1153,899,357,L,0
1154,2885,479,M,0
1155,7363,894,M,0
1156,3407,569,S,0
1157,3739,105,S,1
1158,5090,621,S,0
1159,452,855,XL,1
1160,3522,550,S,0
1161,2484,632,S,0
1162,5118,7,XL,1
1163,5343,930,L,0
1164,4782,642,M,0
1165,5036,44,L,0
1166,7778,1218,XL,0
1167,3534,662,L,1
1168,8503,248,XL,0
1169,8254,37,M,0
1170,5127,1337,XL,0
1171,7887,651,XL,0
1172,7955,573,M,1
1173,4371,654,S,0
1174,8624,584,M,0
1175,1485,77,L,0
1176,3477,879,S,0
1177,5889,1287,S,1
1178,6994,591,L,1
1179,280,1449,S,0
1180,7870,740,L,1
1181,4020,1230,XL,0
1182,5403,94,S,0
1183,2677,702,L,0
1184,1744,1210,L,0
1185,3501,1142,M,1
1186,8889,47,XL,1
1187,6188,1151,XL,1
1188,621,1102,L,1
1189,871,516,S,1
1190,7363,329,M,1
1191,2052,353,L,1
1192,4530,188,L,0
1193,3892,712,XL,1
1194,3203,591,L,0
1195,3358,230,M,0
1196,5806,321,XL,1
1197,167,486,XL,1
1198,5200,1396,M,1
1199,8481,78,M,0
1200,7746,1480,L,0
1201,3331,519,XL,0
1202,3944,193,XL,0
1203,160,746,M,1
1204,5498,844,XL,1
1205,3546,809,L,0
1206,2001,419,M,1
1207,3388,1442,XL,1
1208,3667,817,S,1
1209,2123,406,XL,1
1210,8967,421,XL,1
1211,8819,316,L,0
1212,665,12,M,0
1213,5106,379,S,1
1214,2188,292,XL,0
1215,1295,810,XL,1
1216,7265,864,M,0
1217,2571,895,L,0
1218,8807,1105,S,0
1219,4512,927,XL,0
1220,5072,788,XL,1
1221,3849,886,S,1
1222,5172,1062,XL,1
1223,4265,645,L,0
1224,7820,200,M,0
1225,6080,1296,XL,1
1226,6284,572,M,1
1227,8813,713,M,0
1228,6899,1146,XL,1
1229,7316,1252,S,1
1230,2280,326,S,0
1231,1906,608,L,1
1232,848,1298,M,1
1233,2678,1284,L,0
1234,7851,172,XL,0
1235,4433,238,XL,1
1236,7998,348,XL,1
1237,3230,675,M,0
1238,139,1395,M,0
1239,8392,546,XL,0
1240,6963,113,S,1
1241,6702,165,M,0
1242,3473,1424,L,0
1243,336,188,XL,0
1244,588,1132,S,0
1245,6769,1233,XL,1
1246,807,1023,XL,0
1247,829,627,L,0
1248,5216,1058,L,1
1249,2895,1082,XL,0
1250,3232,601,XL,1
1251,724,304,S,1
1252,4767,979,S,1
1253,3887,72,M,0
1254,8522,580,L,1
1255,7502,600,S,0
1256,505,724,S,1
1257,2809,1283,M,0
1258,3043,1047,L,1
1259,2430,83,S,1
1260,2141,791,M,1
1261,3192,1,S,1
1262,4746,367,M,1
1263,3840,5,M,0
1264,7285,1008,M,1
1265,957,69,S,1
1266,3351,595,XL,0
1267,954,909,M,0
1268,2405,1224,S,0
1269,4088,793,XL,1
1270,6013,588,L,0
1271,5695,507,L,1
1272,1060,1262,M,1
1273,1977,285,XL,0
1274,2905,1259,M,1
1275,3798,375,S,1
1276,687,385,XL,0
1277,1555,962,L,1
1278,930,1008,XL,0
1279,6935,802,S,1
1280,7766,1249,L,0
1281,1121,449,L,1
1282,2507,1226,L,0
1283,7252,210,L,1
1284,6240,1046,XL,1
1285,693,693,L,0
1286,5232,322,M,1
1287,8079,215,M,1
1288,1657,1283,M,0
1289,417,1452,L,0
1290,5646,377,L,1
1291,2387,1241,L,1
1292,1796,1193,L,1
1293,8264,525,S,1
1294,1837,522,M,1
1295,3188,1414,S,0
1296,2890,1477,XL,0
1297,4636,1458,XL,1
1298,1718,423,XL,0
1299,4949,939,S,1
1300,763,341,M,1
1301,5474,379,S,0
1302,2955,1413,L,0
1303,3216,1249,M,1
1304,5607,317,L,0
1305,4348,527,M,0
1306,6593,906,M,0
1307,7116,513,XL,0
1308,3995,330,M,1
1309,8529,1296,XL,0
1310,4850,1375,L,1
1311,80,28,L,0
1312,2817,1061,M,0
1313,3319,631,L,0
1314,6686,395,L,0
1315,2171,725,S,1
1316,1957,293,XL,0
1317,4503,422,L,1
1318,3611,1273,L,0
1319,1893,1442,L,1
1320,7760,970,M,1
1321,5788,556,M,1
1322,7070,1495,M,1
1323,4696,255,XL,1
1324,8371,1232,L,1
1325,130,1208,L,1
1326,1277,403,L,1
1327,1095,1039,L,0
1328,3440,307,S,1
1329,1111,1177,L,1
1330,861,204,L,0
1331,7715,993,S,0
1332,8605,1386,L,1
1333,6002,1096,M,1
1334,5043,67,L,1
1335,8527,1196,XL,0
1336,1552,806,XL,1
1337,7772,701,M,0
1338,209,581,XL,0
1339,6329,1070,M,1
1340,1781,103,M,0
1341,8398,751,M,1
1342,283,624,S,0
1343,1488,828,M,0
1344,5020,1056,L,1
1345,6374,919,S,0
1346,6429,1427,XL,0
1347,8947,1493,L,1
1348,536,1314,S,1
1349,341,1346,M,0
1350,8064,1141,M,1
1351,7858,821,M,1
1352,904,649,XL,1
1353,7644,671,XL,0
1354,8339,352,M,1
1355,4524,1400,XL,0
1356,3654,586,M,0
1357,7857,932,M,1
1358,2140,409,XL,1
1359,8096,726,L,1
1360,8610,901,L,0
1361,1197,161,M,0
1362,4389,949,M,1
1363,6870,1494,L,1
1364,6406,979,L,0
1365,5697,931,S,0
1366,104,1260,L,1
1367,6140,595,S,1
1368,5354,139,L,1
1369,579,234,M,1
1370,2986,540,M,1
1371,7342,138,L,0
1372,5965,803,S,1
1373,7197,1298,M,1
1374,8753,133,M,0
1375,8857,1414,M,1
1376,138,670,S,1
1377,3599,338,L,0
1378,2235,190,S,0
1379,4337,1386,M,1
1380,3639,1200,M,1
1381,8186,624,L,1
1382,5090,1176,S,0
1383,3845,853,S,0
1384,7414,1224,S,0
1385,6587,494,XL,0
1386,6925,274,XL,0
1387,5934,1185,L,0
1388,3312,521,XL,0
1389,8421,1035,S,1
1390,8320,1476,S,1
1391,5783,795,L,0
1392,149,1426,M,0
1393,7496,357,S,0
1394,7970,674,L,1
1395,5151,438,L,0
1396,7680,1035,S,0
1397,7000,247,L,0
1398,8575,1474,S,1
1399,4506,287,L,1
1400,2148,940,XL,1
1401,1383,56,L,1
1402,2378,345,M,0
1403,3264,1258,L,1
1404,3141,147,M,1
1405,1137,288,M,0
1406,2430,420,L,0
1407,4139,583,XL,0
1408,3820,1403,XL,0
1409,110,685,XL,0
1410,854,257,XL,1
1411,4523,1204,M,0
1412,3830,801,S,0
1413,364,1186,XL,0
1414,993,121,S,1
1415,6038,190,S,1
1416,6697,844,XL,0
1417,6963,19,M,0
1418,7716,399,L,1
1419,1914,1488,S,0
1420,3723,784,L,0
1421,1937,924,S,1
1422,6702,795,L,0
1423,1869,653,M,0
1424,2089,496,S,0
1425,3099,589,L,0
1426,7440,328,XL,1
1427,5426,25,XL,0
1428,5007,681,S,0
1429,2770,1189,L,0
1430,8986,1294,XL,1
1431,5354,555,S,0
1432,3624,1324,S,0
1433,2294,468,L,1
1434,5018,298,L,1
1435,502,923,M,0
1436,914,33,M,1
1437,6293,927,XL,1
1438,4596,656,L,1
1439,2679,647,L,1
1440,3971,376,M,1
1441,5731,1070,S,0
1442,3602,350,M,1
1443,3141,275,M,0
1444,11,1371,XL,0
1445,8452,1309,S,1
1446,7180,502,L,1
1447,3658,881,L,0
1448,2956,1260,M,0
1449,7813,277,S,1
1450,2795,737,M,0
1451,7393,183,S,1
1452,2528,523,S,1
1453,8215,611,L,1
1454,7384,1444,XL,0
1455,2606,39,XL,0
1456,8542,562,S,0
1457,4097,796,S,0
1458,2852,20,XL,1
1459,1086,491,L,1
1460,6892,1433,S,1
1461,424,1198,L,0
1462,3309,212,L,0
1463,7279,880,M,1
1464,2457,882,L,1
1465,1718,1324,XL,1
1466,8669,937,L,1
1467,1618,596,S,1
1468,1484,1273,XL,1
1469,4525,1033,L,1
1470,2215,373,XL,0
1471,1692,461,L,0
1472,3838,1062,XL,1
1473,1846,1494,L,0
1474,8288,124,M,0
1475,4372,1322,XL,1
1476,3862,1175,S,1
1477,5939,1099,M,1
1478,8332,1230,M,1
1479,5307,39,S,0
1480,4662,1500,L,1
1481,3878,1334,XL,0
1482,2911,1128,S,0
1483,998,1179,XL,0
1484,8540,1482,M,1
1485,8516,814,L,0
1486,5240,1371,L,0
1487,6445,854,S,1
1488,6101,1453,S,0
1489,5205,288,M,0
1490,5530,1312,M,1
1491,6791,631,L,0
1492,3425,177,M,0
1493,4795,998,L,1
1494,2527,303,XL,0
1495,8593,1064,S,1
1496,314,5,XL,1
1497,6685,1128,L,0
1498,7615,503,S,0
1499,3445,777,M,0
1500,627,455,S,1
1501,5330,658,M,1
1502,2095,1025,XL,0
1503,102,1265,L,0
1504,7386,1402,S,1
1505,8966,1158,M,0
1506,8173,728,L,1
1507,2859,506,XL,1
1508,7209,593,L,1
1509,5171,236,L,1
1510,3645,1392,L,1
1511,1118,803,L,1
1512,19,1210,L,1
1513,8057,205,M,1
1514,2631,142,L,1
1515,8019,382,L,1
1516,3046,134,L,0
1517,2444,404,S,1
1518,7250,864,XL,0
1519,1447,1257,S,1
1520,3121,14,S,0
1521,6226,1366,S,0
1522,4580,1384,L,0
1523,1882,373,M,1
1524,1755,1201,L,1
1525,1317,1287,M,0
1526,214,739,M,0
1527,1299,1124,XL,1
1528,1485,690,L,0
1529,3237,142,L,1
1530,4664,532,S,1
1531,803,220,XL,1
1532,5065,313,M,1
1533,84,249,XL,0
1534,5402,177,M,1
1535,7843,455,M,1
1536,8672,963,XL,0
1537,7702,1157,XL,0
1538,5306,949,S,1
1539,6303,1454,L,1
1540,1809,1077,L,0
1541,5783,271,S,1
1542,4516,738,M,0
1543,1490,850,M,1
1544,6971,1442,M,1
1545,4944,318,M,0
1546,7770,1237,M,1
1547,2018,820,S,0
1548,6896,164,XL,0
1549,8970,698,M,1
1550,2818,1095,M,1
1551,8042,226,M,0
1552,7803,421,XL,0
1553,5924,1449,S,1
1554,2950,412,S,0
1555,4703,1334,XL,1
1556,3821,1276,M,1
1557,5788,1182,M,0
1558,8812,8,S,0
1559,3538,1123,L,0
1560,3445,967,L,1
1561,1519,850,M,1
1562,2702,228,L,0
1563,3537,186,L,1
1564,6733,85,XL,1
1565,2571,608,S,1
1566,2028,1298,L,1
1567,5431,283,S,1
1568,7681,1100,L,0
1569,4655,32,M,1
1570,3163,1479,XL,0
1571,5833,808,XL,1
1572,3134,870,M,1
1573,6681,1260,S,1
1574,3286,957,M,1
1575,5069,1256,S,0
1576,1643,842,L,0
1577,8349,164,XL,0
1578,3955,266,XL,0
1579,8662,1479,L,1
1580,3778,883,M,0
1581,1349,131,XL,0
1582,1742,1100,L,0
1583,6899,1248,XL,0
1584,1122,371,M,1
1585,746,350,L,0
1586,5832,906,M,0
1587,5913,20,L,0
1588,1139,1039,XL,0
1589,2493,1429,S,1
1590,5642,403,M,1
1591,5028,426,XL,1
1592,3463,790,L,0
1593,6927,494,S,1
1594,6797,332,L,1
1595,3801,273,M,1
1596,2604,362,M,0
1597,8129,12,XL,0
1598,2630,831,L,0
1599,7076,840,M,1
1600,446,1278,XL,1
1601,3825,955,S,1
1602,3429,210,S,1
1603,3013,27,XL,1
1604,2945,448,XL,1
1605,5249,117,XL,0
1606,4828,427,L,1
1607,7071,198,L,0
1608,87,156,XL,1
1609,7402,1150,XL,1
1610,2315,1181,S,0
1611,5126,402,L,1
1612,1451,619,L,0
1613,7790,1326,S,0
1614,8210,494,S,0
1615,2943,1111,L,0
1616,4993,825,XL,1
1617,8236,10,XL,1
1618,5281,274,S,0
1619,323,297,S,0
1620,4333,565,L,0
1621,4442,13,S,0
1622,8932,663,XL,1
1623,5973,1320,XL,0
1624,5385,1367,M,1
1625,411,552,S,0
1626,415,306,M,0
1627,3215,632,S,0
1628,812,369,XL,1
1629,8433,586,L,1
1630,1358,630,XL,0
1631,691,734,XL,0
1632,4854,1174,XL,1
1633,5766,698,XL,0
1634,4512,1247,M,0
1635,1286,298,S,0
1636,115,23,L,1
1637,4406,770,S,0
1638,7285,718,L,1
1639,8928,1320,M,0
1640,2033,375,S,1
1641,3170,410,XL,0
1642,5282,918,M,1
1643,4428,302,S,1
1644,2897,360,XL,0
1645,7388,228,S,1
1646,4998,715,M,1
1647,8882,878,S,1
1648,2451,503,S,1
1649,6417,700,L,0
1650,4412,336,L,1
1651,3210,399,XL,0
1652,5115,1256,S,1
1653,5170,303,L,1
1654,7527,1152,S,1
1655,4720,1363,L,1
1656,5077,316,L,0
1657,1704,895,M,1
1658,5763,249,M,0
1659,6878,1090,L,0
1660,4443,293,M,1
1661,784,368,M,0
1662,429,792,S,1
1663,1451,593,L,1
1664,1353,655,L,0
1665,5020,859,XL,1
1666,2364,1327,S,1
1667,4924,190,S,1
1668,8291,1229,L,1
1669,5156,756,XL,0
1670,4774,447,L,0
1671,8385,780,S,0
1672,3106,99,XL,1
1673,4758,348,S,1
1674,4190,1226,M,0
1675,6100,439,XL,0
1676,3784,1069,S,0
1677,4423,348,XL,0
1678,8962,1383,XL,0
1679,2444,1061,M,1
1680,870,905,L,0
1681,3867,355,M,0
1682,2982,1464,M,0
1683,8011,1474,L,1
1684,6622,954,XL,1
1685,6059,764,M,0
1686,3360,1175,S,0
1687,1754,127,M,1
1688,5271,908,S,1
1689,7721,243,M,1
1690,5208,853,S,1
1691,5122,1053,L,0
1692,2110,228,M,1
1693,6709,1131,M,1
1694,1081,1172,M,0
1695,8752,696,S,1
1696,6790,489,M,0
1697,3979,663,XL,0
1698,4717,1186,M,0
1699,2350,772,L,0
1700,7241,480,M,0
1701,8249,1296,S,0
1702,6407,324,L,1
1703,1460,988,XL,1
1704,150,534,XL,1
1705,5892,8,L,1
1706,3990,1242,XL,0
1707,8516,743,XL,1
1708,2557,350,M,0
1709,2408,114,L,0
1710,7300,1161,M,0
1711,2731,426,M,1
1712,8045,123,M,0
1713,6671,54,S,0
1714,6842,1355,M,1
1715,4554,1433,S,1
1716,4385,98,S,1
1717,6374,1115,S,1
1718,236,499,M,1
1719,8473,1487,S,0
1720,1042,242,S,1
1721,7449,965,XL,1
1722,4495,396,M,0
1723,3012,264,XL,0
1724,4643,344,M,1
1725,4932,793,L,0
1726,5245,813,S,0
1727,256,175,L,0
1728,1897,779,M,0
1729,5270,1214,XL,1
1730,6564,215,M,1
1731,418,1444,XL,0
1732,7739,40,L,1
1733,7116,1095,L,1
1734,8626,1243,S,0
1735,8253,365,S,0
1736,6305,1209,L,1
1737,3032,144,S,1
1738,3732,1419,L,0
1739,6277,694,S,1
1740,1246,1407,S,1
1741,8819,928,XL,1
1742,7943,728,S,0
1743,8913,969,S,1
1744,1122,702,S,1
1745,6279,356,L,0
1746,3794,1287,M,0
1747,6110,860,XL,0
1748,6720,1340,XL,1
1749,8967,1495,S,1
1750,4187,807,XL,1
1751,8531,1101,M,0
1752,5154,1493,M,0
1753,6411,1148,M,0
1754,5614,1148,XL,0
1755,5642,717,M,1
1756,2492,1188,L,0
1757,1628,524,XL,1
1758,6765,1352,S,1
1759,732,496,L,1
1760,1911,1131,M,0
1761,2565,1380,L,0
1762,2284,565,L,1
1763,8220,1213,L,1
1764,6444,1146,S,0
1765,4293,236,L,1
1766,6984,23,XL,0
1767,7444,742,M,0
1768,7523,285,S,1
1769,134,1458,XL,0
1770,6469,664,L,1
1771,2933,1174,M,0
1772,3292,848,L,1
1773,2176,193,L,0
1774,6595,883,M,1
1775,4981,926,XL,1
1776,8692,36,L,1
1777,4758,746,M,1
1778,1332,384,L,0
1779,8747,423,XL,0
1780,6439,1062,XL,1
1781,6859,160,XL,0
1782,8363,698,XL,1
1783,5558,928,M,0
1784,3189,765,XL,0
1785,5499,844,L,0
1786,6423,266,S,1
1787,603,57,M,1
1788,211,1228,M,1
1789,749,845,M,1
1790,3408,79,L,0
1791,1228,764,XL,0
1792,3891,382,XL,0
1793,4887,30,M,1
1794,1394,821,S,1
1795,6973,1267,M,0
1796,2448,811,S,1
1797,8608,1153,M,1
1798,1429,594,M,0
1799,8711,1319,S,1
1800,8939,178,L,0
1801,2374,393,S,0
1802,4372,433,M,0
1803,4268,644,S,1
1804,5260,1400,M,0
1805,3534,219,XL,1
1806,3306,24,XL,1
1807,4340,580,S,0
1808,5713,1468,L,1
1809,8148,254,S,0
1810,6786,1343,XL,1
1811,701,733,S,0
1812,8725,865,M,1
1813,8141,1475,S,1
1814,7758,659,S,0
1815,5208,149,XL,0
1816,7308,424,S,0
1817,3066,1301,M,0
1818,7908,1364,XL,0
1819,6808,768,S,1
1820,4804,1335,M,0
1821,2717,1446,M,1
1822,6584,50,XL,1
1823,2626,607,M,0
1824,3443,32,XL,1
1825,1804,1065,M,1
1826,5910,884,L,1
1827,4542,1322,XL,1
1828,2702,959,L,1
1829,5897,1100,XL,1
1830,8455,1478,L,1
1831,8041,910,S,1
1832,1455,598,M,0
1833,8890,479,L,0
1834,1615,616,S,0
1835,8120,943,XL,0
1836,1451,1450,M,0
1837,370,668,L,0
1838,5986,965,L,1
1839,4802,436,XL,0
1840,7289,91,S,1
1841,7171,989,S,1
1842,4236,184,M,1
1843,8892,986,S,1
1844,6369,8,M,1
1845,8988,1227,S,0
1846,5713,1283,XL,0
1847,8936,1409,M,1
1848,5317,1025,XL,1
1849,1895,340,XL,1
1850,5652,810,XL,1
1851,3434,690,L,0
1852,2740,592,XL,0
1853,634,435,S,0
1854,3011,816,S,0
1855,4980,295,M,0
1856,6706,838,S,0
1857,3289,933,M,0
1858,4503,1257,S,0
1859,8913,1100,S,1
1860,654,586,L,0
1861,3375,1015,XL,1
1862,1554,487,XL,1
1863,4835,377,M,1
1864,253,79,S,1
1865,5735,1407,S,0
1866,5075,194,M,0
1867,3516,1202,S,1
1868,5464,344,M,0
1869,2172,1139,L,1
1870,3931,1119,S,0
1871,1801,967,S,1
1872,7446,1050,M,0
1873,7502,253,L,0
1874,1272,150,M,1
1875,1486,450,M,0
1876,6300,400,L,0
1877,7016,1305,M,0
1878,6881,1273,L,1
1879,4118,343,L,1
1880,2920,1294,XL,1
1881,5795,808,XL,1
1882,813,1289,M,1
1883,284,40,L,0
1884,4163,1375,XL,0
1885,5718,1394,XL,1
1886,8686,378,M,1
1887,3622,557,XL,1
1888,1639,1025,XL,1
1889,8198,981,S,1
1890,1678,413,M,1
1891,6102,201,S,0
1892,4652,698,L,0
1893,2798,1043,S,1
1894,3443,483,M,1
1895,457,632,S,1
1896,1798,1230,XL,1
1897,8540,204,L,1
1898,1415,636,XL,1
1899,2259,438,S,1
1900,1071,57,L,0
1901,8726,1207,M,0
1902,4849,1479,S,1
1903,5224,1285,S,0
1904,5645,739,M,0
1905,488,985,M,0
1906,5432,94,L,0
1907,8269,938,S,0
1908,2765,102,XL,0
1909,2687,1180,XL,0
1910,1868,173,M,1
1911,1551,607,L,1
1912,2342,464,S,1
1913,4194,216,S,0
1914,6071,214,XL,1
1915,1327,186,M,1
1916,1754,781,L,1
1917,752,1289,S,0
1918,4366,1352,S,0
1919,2040,471,S,0
1920,6634,49,S,0
1921,1679,1162,S,0
1922,7142,1129,S,1
1923,1737,632,L,0
1924,5383,29,M,1
1925,4083,1329,S,1
1926,1830,179,XL,1
1927,6138,840,M,0
1928,4311,1009,XL,0
1929,6670,818,L,1
1930,7161,1479,XL,0
1931,4870,873,L,0
1932,6991,1241,M,0
1933,7155,1033,M,0
1934,4177,555,L,1
1935,2656,678,XL,0
1936,1211,1371,XL,0
1937,8326,700,S,1
1938,7335,842,S,1
1939,7818,240,S,0
1940,6885,922,XL,1
1941,3789,766,M,1
1942,7991,475,L,1
1943,8011,1110,XL,1
1944,8779,184,S,1
1945,2910,753,S,0
1946,6108,1428,L,1
1947,215,218,XL,0
1948,2363,1317,M,0
1949,8046,420,L,1
1950,2165,205,M,0
1951,7947,715,M,0
1952,8510,376,XL,0
1953,4060,821,L,1
1954,7026,195,XL,1
1955,71,364,XL,1
1956,3313,547,XL,0
1957,3435,385,S,1
1958,1046,961,L,0
1959,654,993,S,0
1960,1798,26,M,1
1961,4334,624,M,0
1962,7711,1475,XL,0
1963,3965,1368,L,1
1964,5507,611,M,1
1965,3092,189,XL,0
1966,1850,360,XL,1
1967,7642,1403,M,1
1968,5645,173,S,0
1969,517,592,M,1
1970,2213,751,M,1
1971,8080,618,M,0
1972,6492,1393,M,0
1973,3331,99,L,1
1974,6034,1102,M,0
1975,2293,929,M,1
1976,6784,1210,S,0
1977,6366,393,S,0
1978,3808,122,M,1
1979,6734,714,S,0
1980,7763,191,S,0
1981,7997,437,M,0
1982,7855,154,XL,1
1983,2968,922,S,1
1984,1885,912,S,0
1985,4090,295,M,1
1986,4479,1054,S,1
1987,8011,1127,L,1
1988,4428,65,S,1
1989,839,375,XL,0
1990,6723,231,M,1
1991,5344,642,M,0
1992,4866,23,S,0
1993,6826,290,S,1
1994,125,1345,S,0
1995,8270,42,XL,1
1996,4207,1194,L,0
1997,4277,1447,S,0
1998,2413,992,S,0
1999,7943,202,XL,1
2000,4261,534,XL,1
2001,8676,1496,S,1
2002,452,1059,S,1
2003,3102,735,L,0
2004,4971,44,S,0
2005,5787,816,S,1
2006,2399,981,M,0
2007,8720,187,L,0
2008,7285,1115,L,1
2009,1995,127,L,1
2010,634,773,L,1
2011,3572,428,L,0
2012,1313,1136,S,1
2013,2395,219,M,1
2014,7362,1014,M,0
2015,3070,270,S,0
2016,1579,889,S,0
2017,7281,1360,XL,0
2018,6924,470,XL,1
2019,8532,70,XL,1
2020,7173,123,S,1
2021,3560,237,L,1
2022,6510,1244,M,0
2023,4769,147,S,1
2024,2236,1086,M,1
2025,3303,56,S,1
2026,8226,236,L,1
2027,5192,606,L,1
2028,3660,718,L,0
2029,6635,1415,XL,1
2030,8369,700,L,1
2031,8827,51,M,0
2032,6362,1152,M,0
2033,5692,1251,M,1
2034,6722,905,L,0
2035,8041,945,XL,0
2036,8402,1316,M,0
2037,6234,1289,S,1
2038,5132,1312,S,0
2039,7194,750,L,1
2040,6468,346,XL,1
2041,1275,1337,XL,0
2042,2613,1068,M,1
2043,2903,1171,S,1
2044,5205,885,L,0
2045,6114,1067,L,0
2046,4739,1348,S,1
2047,5582,1344,L,1
2048,3462,1119,L,0
2049,6305,653,XL,1
2050,5649,1262,XL,0
2051,1977,1162,M,1
2052,4875,660,L,1
2053,8002,628,M,1
2054,4319,262,XL,0
2055,3975,1452,S,1
2056,5647,1456,M,1
2057,3460,64,S,0
2058,3341,382,XL,0
2059,7709,463,S,0
2060,5426,1053,XL,1
2061,4112,498,L,1
2062,4609,1352,M,1
2063,4450,9,XL,0
2064,5584,221,L,0
2065,3040,311,S,1
2066,143,924,XL,1
2067,977,431,XL,0
2068,337,236,M,0
2069,4789,242,M,0
2070,6045,995,XL,1
2071,7372,989,S,1
2072,2021,424,L,1
2073,8781,146,S,0
2074,5159,1482,XL,1
2075,1537,7,XL,1
2076,8753,722,L,1
2077,344,1258,XL,0
2078,7256,532,XL,1
2079,1380,970,M,0
2080,5047,629,L,1
2081,846,536,XL,1
2082,3654,938,L,0
2083,8690,959,L,1
2084,4932,1139,L,0
2085,5183,814,XL,1
2086,5712,331,L,0
2087,2916,959,L,1
2088,3067,1428,L,1
2089,5360,547,XL,1
2090,7235,461,XL,0
2091,2648,265,L,0
2092,7110,420,S,0
2093,7675,1398,M,0
2094,2006,14,L,0
2095,5891,76,XL,0
2096,679,177,S,0
2097,2519,1008,XL,0
2098,1391,513,M,0
2099,5406,1232,XL,1
2100,6962,562,M,1
2101,2627,1082,XL,1
2102,3760,203,XL,1
2103,3880,285,S,1
2104,1184,2,M,1
2105,4964,80,S,0
2106,2278,1179,XL,1
2107,7116,1444,M,0
2108,199,1178,XL,1
2109,458,1099,S,1
2110,3559,263,XL,1
2111,6035,1464,XL,1
2112,7813,306,M,0
2113,2316,456,L,0
2114,902,314,S,1
2115,6901,1372,S,0
2116,4298,104,XL,0
2117,8552,797,M,1
2118,7767,1060,XL,0
2119,1137,262,XL,0
2120,5285,1265,S,1
2121,508,897,M,0
2122,5273,79,L,0
2123,8259,157,XL,1
2124,4724,335,S,1
2125,2628,12,L,0
2126,8868,896,L,0
2127,2329,518,S,0
2128,1032,768,S,1
2129,1305,948,XL,1
2130,4284,1061,M,0
2131,4909,1128,L,1
2132,1765,1063,S,1
2133,559,167,XL,1
2134,3762,686,L,0
2135,8160,1476,S,0
2136,2090,565,L,1
2137,2226,522,M,0
2138,8170,1101,S,0
2139,8196,775,S,1
2140,5200,325,M,1
2141,7341,1015,S,1
2142,2426,1362,XL,0
2143,2051,7,L,0
2144,477,871,XL,0
2145,7251,893,XL,1
2146,7203,1141,M,0
2147,309,154,M,1
2148,7544,262,L,0
2149,2202,358,L,1
2150,4774,10,S,1
2151,8561,1353,L,0
2152,7586,872,XL,1
2153,8435,1292,L,1
2154,2325,1053,XL,0
2155,8873,1429,XL,0
2156,3515,21,S,0
2157,2360,1322,L,0
2158,8382,285,XL,0
2159,8921,242,XL,0
2160,5716,602,S,0
2161,15,883,XL,0
2162,3266,679,L,1
2163,8958,571,S,1
2164,832,200,S,0
2165,1270,463,XL,1
2166,3769,1179,XL,0
2167,4079,1385,XL,0
2168,4182,995,M,1
2169,5448,645,S,0
2170,8407,1156,L,0
2171,3607,1365,S,1
2172,8184,757,L,0
2173,6406,340,M,0
2174,1550,1286,S,0
2175,2309,1309,M,1
2176,4036,616,L,0
2177,8702,579,L,0
2178,1689,548,XL,0
2179,3483,1425,L,1
2180,8636,1393,M,1
2181,5252,37,XL,0
2182,5865,177,XL,1
2183,4059,1113,XL,0
2184,5012,1018,S,1
2185,1392,448,M,0
2186,6699,185,XL,0
2187,6972,706,S,0
2188,477,1035,L,1
2189,2088,358,XL,0
2190,5443,1169,XL,1
2191,3035,829,M,0
2192,3029,991,XL,0
2193,4411,979,L,0
2194,1812,669,L,0
2195,4543,1101,M,1
2196,8355,149,L,1
2197,4410,1381,M,1
2198,6009,1028,M,0
2199,7306,1023,L,0
2200,2709,678,S,1
2201,1323,451,S,0
2202,5479,504,L,0
2203,2177,669,S,1
2204,5294,1459,M,1
2205,2623,676,M,0
2206,2222,987,S,1
2207,6717,1142,M,0
2208,7308,1127,S,1
2209,3433,483,XL,1
2210,3344,1081,XL,0
2211,7573,389,L,0
2212,4059,853,S,1
2213,5237,1075,S,1
2214,4288,1266,S,1
2215,8626,771,XL,0
2216,8376,1445,S,1
2217,8328,71,M,0
2218,5584,1383,XL,1
2219,7383,3,L,0
2220,354,1129,XL,0
2221,2934,584,M,0
2222,5426,914,M,0
2223,1980,442,XL,0
2224,3780,1034,XL,1
2225,3733,488,S,1
2226,5193,1137,S,0
2227,7065,1053,L,0
2228,8324,350,L,1
2229,848,164,L,0
2230,3496,1056,L,0
2231,4615,1350,S,0
2232,3880,637,XL,0
2233,6576,915,M,1
2234,2139,1375,M,0
2235,3836,865,XL,1
2236,4073,452,XL,1
2237,335,1164,M,1
2238,7043,37,L,1
2239,1217,31,M,1
2240,4775,644,S,0
2241,5146,230,S,1
2242,3400,140,M,0
2243,6422,1286,S,1
2244,3024,1174,M,1
2245,2137,1321,XL,1
2246,3863,991,L,0
2247,4604,912,L,0
2248,6417,743,XL,0
2249,2800,174,XL,1
2250,4993,1470,S,0
2251,1993,442,L,0
2252,8410,932,XL,0
2253,3505,899,S,1
2254,3132,29,L,1
2255,7430,643,M,0
2256,6569,819,XL,1
2257,7369,1290,XL,1
2258,4692,597,L,1
2259,6377,134,L,0
2260,2799,108,S,0
2261,5706,672,S,1
2262,4074,620,L,1
2263,6366,196,L,1
2264,1284,1246,XL,0
2265,359,874,L,1
2266,2274,445,S,0
2267,69,1004,XL,0
2268,2026,209,M,0
2269,8201,503,L,0
2270,8473,960,L,0
2271,1576,732,S,1
2272,5315,551,XL,1
2273,8985,842,M,1
2274,8499,691,S,1
2275,3961,250,L,0
2276,146,822,S,1
2277,3566,404,S,1
2278,443,1373,XL,0
2279,3927,1317,M,0
2280,8501,121,XL,0
2281,5528,1241,S,0
2282,5693,513,L,1
2283,7920,566,M,1
2284,5689,975,XL,0
2285,7572,87,M,1
2286,4679,477,M,0
2287,4041,626,M,0
2288,2419,909,S,0
2289,2722,258,M,1
2290,577,1464,M,0
2291,200,1349,XL,0
2292,6579,22,M,0
2293,3825,59,XL,0
2294,5341,823,S,1
2295,4660,1295,S,0
2296,3921,121,L,1
2297,3320,717,L,1
2298,5191,119,S,1
2299,4579,158,M,0
2300,4752,665,M,1
2301,7957,1365,L,1
2302,8197,996,L,0
2303,1609,423,S,0
2304,3567,34,M,0
2305,949,489,XL,1
2306,5360,1201,L,1
2307,5311,699,L,0
2308,5126,578,S,1
2309,1343,102,XL,1
2310,1439,510,S,0
2311,4032,190,S,0
2312,6037,612,S,1
2313,1038,820,S,0
2314,5328,1214,XL,0
2315,2,738,M,1
2316,8722,877,XL,0
2317,7203,324,S,0
2318,4858,938,S,0
2319,2130,141,S,0
2320,4889,932,L,1
2321,3555,1477,L,1
2322,899,871,M,0
2323,1846,75,S,1
2324,3476,1307,S,1
2325,2181,259,S,0
2326,7485,379,S,0
2327,6047,429,S,0
2328,2840,638,M,0
2329,1259,291,L,0
2330,3757,910,XL,1
2331,8620,756,S,1
2332,344,869,S,1
2333,7248,574,M,0
2334,3695,721,S,0
2335,3239,398,S,1
2336,2683,1439,S,0
2337,5135,806,XL,1
2338,7940,695,L,1
2339,5646,504,L,1
2340,5514,1029,XL,0
2341,6501,1426,M,1
2342,8924,850,L,0
2343,2348,435,S,1
2344,164,1092,M,1
2345,1467,437,L,0
2346,4768,885,XL,0
2347,5485,1289,L,0
2348,7233,763,L,0
2349,5244,1404,M,0
2350,6221,1427,S,0
2351,6991,1433,L,1
2352,2729,1236,L,0
2353,297,590,S,0
2354,3082,904,S,0
2355,2165,457,M,1
2356,1924,277,S,1
2357,2245,98,S,1
2358,678,1016,L,1
2359,3188,936,S,1
2360,7595,313,S,1
2361,7755,246,L,1
2362,6011,59,XL,1
2363,4695,361,M,0
2364,1615,1229,L,1
2365,597,682,L,1
2366,6783,1133,S,0
2367,3616,1211,XL,1
2368,4910,1253,L,0
2369,1824,158,M,1
2370,7601,1085,XL,1
2371,5299,212,L,1
2372,4391,1159,XL,1
2373,4945,1334,XL,1
2374,6195,748,M,0
2375,622,1044,S,1
2376,3604,1296,L,1
2377,6215,1257,XL,0
2378,152,756,L,1
2379,2934,1195,S,0
2380,2064,156,S,0
2381,4319,1290,S,0
2382,2721,930,S,0
2383,6350,1168,L,0
2384,6649,72,XL,1
2385,6834,1098,L,0
2386,2420,1472,M,1
2387,4080,369,L,0
2388,7543,372,L,1
2389,5235,949,M,0
2390,6530,414,XL,0
2391,571,828,XL,0
2392,4050,636,L,0
2393,3390,728,XL,1
2394,8276,770,XL,0
2395,6274,42,S,1
2396,374,789,S,0
2397,6349,1314,L,1
2398,8840,288,XL,0
2399,7496,926,M,1
2400,1057,320,XL,0
2401,8440,798,XL,0
2402,1691,186,XL,1
2403,1803,425,L,1
2404,5985,283,S,1
2405,604,272,XL,1
2406,4954,537,L,0
2407,5470,118,L,0
2408,5194,1113,XL,0
2409,3285,856,XL,1
2410,3955,957,M,1
2411,7735,1475,XL,0
2412,2546,1368,L,1
2413,7623,523,S,1
2414,25,1367,M,1
2415,1470,1356,L,0
2416,7688,505,XL,1
2417,236,103,XL,0
2418,7866,165,XL,0
2419,7158,1332,M,0
2420,8980,162,M,0
2421,2534,1109,XL,1
2422,1840,1242,S,1
2423,3556,356,M,0
2424,4329,241,M,0
2425,2814,434,M,0
2426,3366,507,S,1
2427,7,1417,XL,0
2428,6085,810,XL,1
2429,8692,295,S,1
2430,3839,1054,L,0
2431,3300,387,XL,1
2432,1408,626,M,0
2433,3518,120,S,0
2434,4900,1404,XL,0
2435,2542,377,M,1
2436,7570,707,L,0
2437,456,591,S,0
2438,1375,998,XL,0
2439,7598,994,XL,1
2440,6441,643,M,0
2441,7555,1119,L,1
2442,1370,1139,M,0
2443,4859,867,M,0
2444,6622,1079,L,0
2445,1144,554,L,1
2446,4521,781,S,0
2447,958,8,S,1
2448,809,280,L,0
2449,6374,790,S,0
2450,8230,475,L,1
2451,2486,538,S,1
2452,3389,172,XL,1
2453,528,1411,L,0
2454,4777,1084,S,0
2455,7775,1020,L,0
2456,3746,102,XL,1
2457,4234,650,XL,0
2458,6349,273,L,0
2459,7781,1211,M,0
2460,3047,903,XL,1
2461,8051,1422,L,0
2462,3825,354,M,0
2463,8068,750,S,0
2464,6061,338,L,1
2465,6108,454,M,0
2466,7975,274,S,0
2467,2102,1374,S,1
2468,2202,238,XL,1
2469,2274,1219,L,0
2470,6429,1454,L,0
2471,5040,1477,L,0
2472,249,238,XL,1
2473,8218,883,L,0
2474,5380,936,XL,1
2475,2548,442,L,0
2476,7720,1386,S,1
2477,8723,123,L,0
2478,5157,180,S,0
2479,6961,490,M,1
2480,4486,1014,XL,0
2481,1344,734,XL,1
2482,919,173,M,0
2483,6094,102,S,1
2484,6687,585,XL,0
2485,7733,489,M,0
2486,6673,1070,L,1
2487,577,417,M,1
2488,6911,933,XL,0
2489,6723,188,L,0
2490,173,305,S,0
2491,4184,582,L,0
2492,233,1169,L,1
2493,6896,1270,L,1
2494,5838,677,S,0
2495,5468,66,M,1
2496,7082,1362,S,0
2497,3180,486,XL,0
2498,5190,348,L,1
2499,1715,214,L,1
2500,377,897,M,1
2501,3102,3143,36,1
2502,6703,2310,36,1
2503,4783,1867,32,0
2504,2864,3461,40,0
2505,6069,2691,28,0
2506,2095,2696,32,1
2507,173,3492,28,1
2508,7664,2743,28,1
2509,916,1830,40,0
2510,5350,1918,36,1
2511,495,2450,28,0
2512,4519,2698,40,1
2513,4231,2501,32,1
2514,2732,2813,32,0
2515,104,2252,40,1
2516,3588,2071,32,0
2517,3469,1665,36,1
2518,3499,2020,36,1
2519,6028,3450,36,0
2520,1912,1520,36,1
2521,6094,2205,32,0
2522,1313,2131,40,0
2523,8515,3085,28,0
2524,2823,1955,36,1
2525,6863,2779,40,1
2526,7979,3350,32,1
2527,7856,3367,40,0
2528,6874,1603,28,0
2529,4762,2458,40,0
2530,8268,1635,28,1
2531,4724,3289,40,0
2532,4792,2944,40,1
2533,5485,3248,28,0
2534,3176,1597,36,1
2535,44,2251,40,1
2536,1442,3095,28,1
2537,3206,3454,28,1
2538,3560,3288,36,0
2539,8416,1971,28,1
2540,8804,3284,36,0
2541,4176,2075,28,1
2542,4989,2292,32,0
2543,5598,1689,36,0
2544,5672,1893,40,1
2545,1968,2419,32,0
2546,5463,2122,32,1
2547,3047,1548,40,1
2548,1464,1556,28,0
2549,828,3075,28,0
2550,4204,3390,36,0
2551,5295,2914,32,0
2552,1916,2143,36,1
2553,3598,2129,32,0
2554,1893,1794,28,1
2555,2178,2266,40,1
2556,7871,1636,28,0
2557,2853,2052,40,0
2558,2150,2917,36,0
2559,1262,2347,36,1
2560,2326,1820,36,1
2561,1797,3258,40,1
2562,7144,1677,32,1
2563,8445,3104,40,1
2564,1858,1977,28,1
2565,3303,3414,32,0
2566,814,1661,32,0
2567,7748,3170,36,1
2568,2753,2809,36,1
2569,6323,2031,28,1
2570,1696,2241,36,0
2571,5343,1911,36,0
2572,5335,3239,36,0
2573,8849,3270,28,1
2574,6526,1509,32,0
2575,4770,2988,36,1
2576,5061,3151,32,0
2577,4778,3182,40,1
2578,3422,2260,36,0
2579,7730,2921,40,0
2580,109,1571,32,1
2581,1205,2093,28,1
2582,3038,2469,32,1
2583,6105,3068,28,1
2584,579,2294,36,0
2585,6374,2374,36,0
2586,2580,2704,28,1
2587,5565,1650,32,0
2588,6679,1912,36,0
2589,3989,3475,28,0
2590,3636,2092,40,1
2591,8103,3008,32,1
2592,7702,2997,36,0
2593,211,2296,36,0
2594,8773,2041,28,1
2595,4562,2886,32,0
2596,7613,3357,40,0
2597,5626,2171,36,1
2598,8446,2106,36,0
2599,5756,2116,32,1
2600,6667,1525,28,0
2601,67,2587,40,0
2602,1860,3280,36,0
2603,8073,3217,36,0
2604,5690,2414,40,0
2605,6220,2945,32,1
2606,6838,3015,32,1
2607,5887,1817,32,0
2608,7402,3471,36,0
2609,8005,2853,28,1
2610,8273,2603,32,0
2611,6455,3385,40,1
2612,7765,1857,36,0
2613,6120,2401,40,1
2614,8576,3091,36,0
2615,3505,2440,32,1
2616,3400,2981,36,1
2617,5481,2113,32,1
2618,2662,2534,36,1
2619,3573,3317,28,0
2620,2424,3097,28,1
2621,6265,2195,36,1
2622,5823,1986,32,0
2623,7635,2278,28,0
2624,6314,3394,28,0
2625,7167,2416,28,0
2626,6319,2694,36,1
2627,6363,1563,36,0
2628,1468,2469,32,0
2629,1469,2005,32,1
2630,2618,2783,32,0
2631,8948,2951,28,1
2632,7705,2983,32,1
2633,7751,1504,28,0
2634,2878,1741,40,1
2635,3099,2680,36,1
2636,5940,1797,36,0
2637,5307,3035,32,0
2638,2588,2690,40,1
2639,162,2023,36,0
2640,4891,2255,28,0
2641,3855,1916,36,0
2642,517,3118,36,1
2643,6417,3332,28,0
2644,8072,2322,36,1
2645,6201,2650,36,0
2646,2361,3247,32,1
2647,6127,3244,28,1
2648,7109,2911,40,0
2649,7990,3433,36,0
2650,1109,2580,28,0
2651,2988,3021,28,1
2652,5003,2319,36,0
2653,2044,2265,28,0
2654,5707,2177,28,1
2655,540,2257,36,0
2656,1694,2124,40,1
2657,8622,3130,40,1
2658,7795,3050,36,1
2659,7083,1876,32,0
2660,7421,1874,32,0
2661,8747,3279,28,1
2662,2849,2896,32,0
2663,7141,3456,36,1
2664,7735,2082,32,1
2665,5653,2812,40,0
2666,2355,2693,28,1
2667,2064,2820,32,0
2668,3691,2940,32,1
2669,8871,2408,36,0
2670,8006,3271,32,0
2671,542,3395,32,1
2672,1052,1973,36,0
2673,6925,3381,28,1
2674,67,2834,32,0
2675,4605,2197,40,1
2676,2884,2148,32,1
2677,7946,2182,36,1
2678,5555,3263,40,0
2679,3398,2850,40,1
2680,7937,3271,40,0
2681,8193,2464,32,1
2682,8071,1928,40,1
2683,5712,3007,40,1
2684,8064,2742,28,0
2685,6660,1531,32,1
2686,7879,2865,40,0
2687,4466,1972,40,1
2688,8585,3155,28,0
2689,5899,3366,32,0
2690,199,1891,40,1
2691,5173,1910,32,1
2692,4647,2680,36,0
2693,4055,2910,36,1
2694,643,1752,28,1
2695,6855,2568,28,0
2696,8707,2602,36,1
2697,3287,1827,36,0
2698,3962,1645,28,1
2699,7210,2155,28,1
2700,5161,1970,32,1
2701,7605,2684,36,1
2702,5597,2486,28,0
2703,6526,2419,28,1
2704,2007,3190,40,0
2705,4636,2460,32,1
2706,2047,3022,40,0
2707,2485,2836,36,1
2708,8040,2612,40,0
2709,7155,1586,32,0
2710,6025,3155,32,1
2711,1768,1905,28,1
2712,5574,2689,36,1
2713,2319,2439,40,1
2714,6406,2148,32,1
2715,8687,2666,28,1
2716,8152,2906,32,0
2717,2674,2846,40,1
2718,4210,2000,36,1
2719,1246,2723,40,0
2720,8915,2935,28,1
2721,472,1508,36,1
2722,6171,2720,28,0
2723,5965,2583,36,0
2724,587,3046,32,0
2725,8062,1994,36,1
2726,3087,2514,40,1
2727,390,2827,32,0
2728,6937,1638,32,0
2729,4127,2028,40,0
2730,8971,2783,28,1
2731,975,3187,28,1
2732,3927,2014,40,0
2733,2671,2589,28,0
2734,2142,3239,36,0
2735,5116,3148,28,1
2736,5930,1819,28,1
2737,3686,3350,40,0
2738,8442,2504,32,1
2739,3891,2049,36,1
2740,3523,1689,36,0
2741,5748,3414,36,1
2742,3474,2288,28,0
2743,7254,2840,36,1
2744,3571,3313,32,1
2745,8220,3162,28,1
2746,7170,1850,32,0
2747,4553,2933,32,1
2748,2852,1547,32,1
2749,8254,3373,32,1
2750,6172,3076,40,1
2751,6432,1935,28,0
2752,8774,2867,40,1
2753,7319,2479,36,0
2754,1916,2760,28,1
2755,8662,2673,32,0
2756,7839,1763,40,1
2757,1043,2402,32,1
2758,6152,2206,40,1
2759,2368,2271,32,0
2760,8745,2949,40,0
2761,6005,1752,32,0
2762,2557,3175,40,1
2763,6324,2456,28,0
2764,8264,1650,28,1
2765,1283,2958,28,0
2766,145,2775,28,1
2767,5893,1804,36,0
2768,8166,1553,40,1
2769,1519,2694,36,0
2770,7241,1509,40,1
2771,5491,2352,40,1
2772,3142,3294,32,1
2773,5256,3022,32,1
2774,6060,2331,32,0
2775,3248,1708,28,1
2776,282,2870,32,1
2777,2032,2256,32,0
2778,8634,2291,36,1
2779,3855,2090,32,0
2780,7947,2266,40,1
2781,4704,2993,32,0
2782,5634,2355,28,1
2783,8797,2600,36,0
2784,2078,3040,40,0
2785,2640,2477,28,0
2786,3585,2747,40,1
2787,3277,2360,36,1
2788,3941,2576,36,1
2789,2013,2321,40,0
2790,7769,1810,40,1
2791,8873,2832,36,0
2792,258,3331,28,0
2793,3672,3160,32,1
2794,8370,2560,32,1
2795,748,2891,32,0
2796,3503,1883,32,1
2797,2734,1578,36,1
2798,3786,2896,28,1
2799,7270,3026,40,1
2800,2964,3067,36,1
2801,8820,2429,36,0
2802,4812,3301,32,1
2803,188,2034,36,0
2804,7703,1920,28,0
2805,6935,3130,32,0
2806,7753,3216,32,1
2807,830,2021,32,1
2808,5252,2341,32,1
2809,1757,2514,28,1
2810,1179,2844,40,1
2811,2013,2664,36,0
2812,3396,1720,36,0
2813,6466,2668,28,0
2814,3385,2881,36,0
2815,43,2765,28,1
2816,8112,2005,28,0
2817,524,2466,40,1
2818,4187,3301,32,0
2819,4534,3198,32,1
2820,3158,1851,28,0
2821,7019,1748,40,1
2822,2997,1507,36,0
2823,8480,1660,40,1
2824,4308,3469,36,1
2825,7837,2631,32,0
2826,4315,2834,40,0
2827,346,2612,40,0
2828,4716,2490,40,1
2829,8774,3462,32,1
2830,3262,2102,36,1
2831,2743,2237,36,0
2832,3494,1846,32,1
2833,6110,2781,40,1
2834,861,2256,28,1
2835,6923,2288,40,0
2836,4008,1922,28,0
2837,1880,1868,28,0
2838,4265,2536,36,0
2839,901,3223,32,1
2840,900,3271,32,0
2841,3291,1970,32,0
2842,7914,2318,32,0
2843,7108,2131,28,0
2844,2549,2275,32,1
2845,4245,3250,32,1
2846,2315,2679,28,0
2847,8206,3114,32,0
2848,1274,3285,28,1
2849,420,1769,28,1
2850,5517,2416,28,1
2851,5397,2852,40,0
2852,8137,1866,28,0
2853,3425,2798,40,0
2854,3180,1686,36,0
2855,2999,2336,28,1
2856,7249,2803,40,0
2857,8389,2592,36,0
2858,8524,2245,32,1
2859,2841,3422,28,0
2860,606,2506,32,0
2861,1328,2952,40,0
2862,2011,1586,40,0
2863,5457,1999,40,0
2864,3038,3214,28,1
2865,4939,3351,32,1
2866,4937,2568,28,0
2867,4754,1565,32,1
2868,582,2470,40,0
2869,7394,3412,32,1
2870,1669,2942,32,1
2871,515,1915,32,0
2872,8794,2154,40,1
2873,7013,1808,28,0
2874,1478,3404,36,0
2875,3851,2159,40,1
2876,1867,1866,40,1
2877,8043,2553,36,1
2878,1320,1748,28,0
2879,4198,2634,40,1
2880,3136,3347,40,1
2881,1616,2240,28,1
2882,2772,2810,40,0
2883,2132,2983,32,0
2884,2522,3002,40,1
2885,6458,2839,36,1
2886,7912,1586,40,1
2887,4586,2065,32,0
2888,2713,1822,40,0
2889,5406,1795,28,1
2890,8729,2037,36,0
2891,8557,2313,28,1
2892,4771,3044,32,1
2893,2331,3388,28,0
2894,4092,3144,32,0
2895,5694,1699,36,0
2896,6864,2967,40,0
2897,413,2098,28,0
2898,355,2233,40,0
2899,2197,2903,36,0
2900,8361,2526,32,0
2901,6559,3394,36,0
2902,4243,2765,40,0
2903,5024,2411,32,0
2904,5124,1747,40,0
2905,8296,2160,28,1
2906,1072,2358,28,1
2907,7037,2663,36,1
2908,6321,1715,36,0
2909,2164,2821,40,0
2910,4542,3021,36,1
2911,1483,3024,32,1
2912,3469,3014,32,0
2913,1843,2592,36,1
2914,4509,3296,32,1
2915,5411,1804,28,0
2916,371,3293,36,0
2917,6895,3379,36,0
2918,7871,2740,32,0
2919,1912,1817,28,0
2920,1650,1655,32,0
2921,5611,2083,32,1
2922,5098,1534,36,0
2923,6635,2777,40,0
2924,8343,3232,28,0
2925,8230,3038,32,1
2926,3707,2419,32,0
2927,899,3404,28,0
2928,3152,3328,36,0
2929,883,2771,40,0
2930,8848,1970,32,1
2931,5700,2918,36,0
2932,3254,1990,40,0
2933,4906,1727,36,0
2934,2174,2245,40,0
2935,6745,2231,28,1
2936,595,1947,32,0
2937,5438,2868,28,1
2938,6874,1955,32,1
2939,8913,3343,40,0
2940,821,1905,36,0
2941,12,3415,40,0
2942,6232,2212,32,1
2943,6242,1998,36,1
2944,408,2496,32,0
2945,6058,3489,36,0
2946,5808,2092,36,0
2947,4164,1902,36,1
2948,8112,1730,28,1
2949,3737,1779,40,1
2950,2839,2964,36,1
2951,8537,3464,40,1
2952,4797,3472,36,1
2953,6264,2369,32,0
2954,2923,2639,40,0
2955,4678,1905,36,1
2956,3388,2249,32,1
2957,3933,3058,28,1
2958,3905,2665,36,1
2959,1494,2330,28,1
2960,7791,3264,40,1
2961,5335,2855,40,0
2962,474,1570,40,1
2963,6670,2970,28,0
2964,6948,1573,32,1
2965,7423,2928,36,0
2966,1280,1945,28,0
2967,844,3290,28,1
2968,3599,3395,36,1
2969,4913,1652,40,1
2970,5968,1960,28,1
2971,8136,2438,28,1
2972,5292,1791,36,0
2973,8178,2179,32,0
2974,4942,2101,28,0
2975,575,1719,32,1
2976,8472,3206,36,0
2977,768,3357,28,1
2978,3586,2280,36,1
2979,4690,1757,32,0
2980,7044,2729,28,0
2981,8796,3203,40,0
2982,2777,1796,28,0
2983,6568,2146,28,0
2984,1517,1657,28,1
2985,7741,1931,28,1
2986,6253,3214,28,0
2987,5572,2080,32,1
2988,6616,3059,28,0
2989,8237,2504,28,1
2990,3467,2788,32,0
2991,5592,2113,32,0
2992,5371,2014,32,1
2993,8103,2254,32,0
2994,3195,1760,40,1
2995,1507,2319,32,1
2996,2371,3185,40,1
2997,6401,2321,40,1
2998,2420,3062,36,1
2999,1323,3268,40,0
3000,2639,2426,32,1
3001,2635,2173,40,0
3002,6654,3186,36,0
3003,1000,3496,40,0
3004,6589,2018,28,0
3005,6112,2096,36,0
3006,6182,1955,40,1
3007,6496,1786,32,0
3008,2504,1607,28,0
3009,3893,2245,40,0
3010,7735,3349,40,0
3011,7086,2532,36,0
3012,6756,3437,36,1
3013,6530,2887,32,0
3014,8688,2616,36,0
3015,500,3196,36,0
3016,5586,2828,32,1
3017,4440,3045,40,0
3018,3319,2568,36,1
3019,2488,2464,36,1
3020,924,2783,28,1
3021,4040,2312,28,1
3022,1023,2318,28,1
3023,4672,1728,36,0
3024,2351,1804,36,1
3025,4591,3299,40,1
3026,557,2534,36,0
3027,4154,3005,40,0
3028,8816,2858,28,0
3029,5379,1756,32,1
3030,3674,2670,36,1
3031,3314,1533,32,0
3032,8458,3026,40,0
3033,6410,3126,32,1
3034,7537,1820,32,1
3035,2362,3075,32,0
3036,7412,2012,36,1
3037,7461,1684,32,0
3038,3968,1934,32,0
3039,5922,2093,28,0
3040,3150,2119,32,1
3041,6652,1912,36,0
3042,3389,1566,32,0
3043,7271,3396,28,0
3044,6730,2625,40,1
3045,8221,1596,40,0
3046,7417,2939,36,1
3047,2820,1874,28,0
3048,8942,2336,36,0
3049,8873,2879,40,1
3050,5142,1852,40,0
3051,4618,2279,28,0
3052,2604,3029,28,0
3053,1178,1873,28,1
3054,3554,2035,36,0
3055,6136,2187,40,0
3056,8483,3484,32,0
3057,214,1560,40,1
3058,7654,1907,36,0
3059,8849,2371,36,1
3060,3484,1620,28,1
3061,1872,3455,36,0
3062,5399,1965,36,0
3063,735,3088,40,0
3064,3982,2317,28,0
3065,982,1968,32,0
3066,462,2887,40,1
3067,4213,2382,32,1
3068,1607,2556,40,0
3069,2857,3284,32,0
3070,5209,1666,40,1
3071,2903,1546,40,0
3072,3531,1953,36,0
3073,5825,3371,36,0
3074,6124,3098,40,1
3075,2023,2172,28,0
3076,1856,1598,28,0
3077,1019,1526,28,0
3078,5813,2895,36,1
3079,3594,1899,28,1
3080,5171,2341,32,0
3081,3265,3035,28,1
3082,2760,2593,28,1
3083,103,2366,28,0
3084,1674,3313,36,0
3085,1880,2207,40,0
3086,8531,1658,28,1
3087,3017,2657,28,0
3088,5088,3418,28,1
3089,7891,2228,36,0
3090,5917,1680,36,0
3091,7440,1516,32,1
3092,3303,2146,36,1
3093,1964,2692,40,1
3094,3523,2678,28,1
3095,5905,3016,28,1
3096,5674,1812,36,1
3097,2720,2653,28,0
3098,5094,2198,40,0
3099,7087,2352,40,0
3100,6156,1682,28,0
3101,4694,2250,36,0
3102,1653,1831,36,0
3103,1728,2416,36,1
3104,2378,2307,28,0
3105,2404,1760,28,0
3106,4572,3458,36,0
3107,8156,1674,36,1
3108,3528,1798,40,1
3109,8724,2810,40,1
3110,8727,2432,32,0
3111,2491,2377,36,0
3112,1379,2290,36,1
3113,2419,3204,32,1
3114,46,2414,40,1
3115,22,3425,40,0
3116,2149,2312,28,0
3117,8678,1978,40,1
3118,3113,2771,28,1
3119,3594,1633,36,1
3120,357,3459,28,1
3121,2090,3279,36,0
3122,3211,2858,28,1
3123,1489,3239,40,1
3124,4095,3024,40,0
3125,3655,3313,40,1
3126,1643,3480,40,0
3127,765,2983,32,1
3128,1761,3324,28,1
3129,46,2873,40,1
3130,1413,2847,28,1
3131,3342,2921,40,1
3132,8226,3170,32,1
3133,3000,2902,32,0
3134,6361,3084,28,0
3135,3926,1976,40,1
3136,1919,2747,28,0
3137,269,2291,28,0
3138,6378,3394,28,1
3139,8162,3010,36,1
3140,7765,2385,40,0
3141,2909,3106,32,0
3142,201,1650,28,1
3143,6760,2569,36,0
3144,5974,1558,32,0
3145,1069,2564,32,1
3146,5791,1805,32,1
3147,1478,2046,36,1
3148,558,2009,36,0
3149,6402,1986,32,0
3150,6780,2754,40,1
3151,5260,1699,36,0
3152,5171,2013,40,0
3153,4947,2876,32,1
3154,7956,1522,28,1
3155,2991,2756,32,0
3156,6373,1695,40,1
3157,5946,1696,32,0
3158,406,2139,40,1
3159,2733,3245,32,1
3160,5423,3263,32,0
3161,6498,2906,32,1
3162,1437,3251,28,0
3163,5161,2233,32,1
3164,274,1941,40,1
3165,8288,2974,32,1
3166,4873,2890,36,0
3167,8116,2776,32,1
3168,4763,3234,28,0
3169,1818,2259,32,0
3170,3321,2062,28,1
3171,2500,2036,28,1
3172,2228,1566,32,0
3173,5738,2920,36,1
3174,362,2134,28,1
3175,2384,2913,32,0
3176,7571,2502,36,0
3177,8602,2091,28,0
3178,5435,3241,36,0
3179,3588,2022,40,0
3180,3902,2034,36,0
3181,2268,3257,36,0
3182,5096,2253,28,0
3183,5817,1865,32,0
3184,497,3427,40,1
3185,6332,1586,40,1
3186,4709,1504,32,0
3187,2358,2078,40,1
3188,4695,1842,36,1
3189,6122,1685,32,0
3190,7329,2612,28,1
3191,2234,2294,32,1
3192,8944,2034,32,0
3193,7227,3489,36,1
3194,908,1702,28,1
3195,2660,2515,36,1
3196,2927,3098,28,0
3197,8095,3311,40,0
3198,4749,3205,28,1
3199,8539,1522,28,0
3200,6903,3063,32,0
3201,5189,3166,32,0
3202,8682,2289,28,0
3203,1514,2613,32,0
3204,8768,1522,36,1
3205,7891,3429,32,1
3206,502,3195,36,1
3207,8087,3209,28,1
3208,4332,3037,36,1
3209,6338,2027,36,0
3210,2307,1658,36,1
3211,484,2281,28,1
3212,5269,2602,36,1
3213,430,1991,36,1
3214,1191,3070,28,0
3215,846,2165,40,0
3216,4909,1941,28,0
3217,5734,2557,28,1
3218,8254,2759,36,0
3219,6653,2609,28,0
3220,2833,3154,32,1
3221,8360,1724,32,0
3222,8423,3052,28,1
3223,6766,2593,40,0
3224,8914,3191,32,0
3225,6841,2934,28,1
3226,4309,2458,32,1
3227,6655,1519,36,1
3228,5999,2290,32,1
3229,2227,3221,36,1
3230,1049,2470,40,0
3231,768,2512,32,0
3232,2199,1963,32,1
3233,4923,1726,28,0
3234,3564,2106,36,0
3235,5008,2303,32,1
3236,307,2666,36,0
3237,2669,2355,32,0
3238,8631,1869,36,1
3239,2426,3171,28,0
3240,3057,2634,28,1
3241,5054,1718,40,1
3242,8130,3129,32,1
3243,8473,2278,28,1
3244,1210,3032,28,0
3245,6208,1548,28,1
3246,2802,2874,40,0
3247,4915,2570,40,1
3248,3391,3146,36,0
3249,4760,2611,40,0
3250,8736,3238,40,1
3251,5794,1739,36,1
3252,4061,1782,36,0
3253,6399,3282,28,0
3254,6182,3438,28,1
3255,7950,3485,36,0
3256,4981,2527,28,0
3257,2248,3141,28,0
3258,264,2086,28,1
3259,746,2553,36,0
3260,5067,2913,28,1
3261,6315,2524,28,1
3262,499,2337,40,0
3263,7991,1643,36,1
3264,8653,2102,36,0
3265,2459,2806,40,0
3266,3932,2560,28,1
3267,4675,3040,40,1
3268,1168,2007,28,1
3269,6585,3382,32,1
3270,2110,3278,36,1
3271,5865,2809,36,0
3272,8917,2435,32,1
3273,1170,2768,28,1
3274,4754,2034,32,1
3275,4878,2202,40,1
3276,2545,3485,28,0
3277,5702,1976,32,0
3278,3074,2314,32,0
3279,3834,1859,28,0
3280,451,1711,32,1
3281,1274,1755,28,1
3282,1469,2117,36,1
3283,1704,2011,28,1
3284,8094,2088,28,1
3285,1033,3218,40,1
3286,854,2758,32,0
3287,7469,2914,32,1
3288,4650,3155,28,0
3289,4220,1983,28,0
3290,693,1639,28,0
3291,7838,3293,40,0
3292,1326,3101,36,0
3293,6491,3427,28,0
3294,6095,1927,40,1
3295,3705,2264,28,1
3296,2615,3334,36,1
3297,3382,3385,32,0
3298,7070,1918,40,0
3299,1871,2659,36,0
3300,2303,2171,40,0
3301,4154,1624,32,1
3302,6969,1812,36,1
3303,2155,2653,40,0
3304,4701,1857,36,1
3305,3023,2678,32,1
3306,5940,2809,40,0
3307,7475,3199,36,0
3308,5725,2561,36,0
3309,6670,2278,28,1
3310,7576,2209,28,1
3311,934,1614,36,0
3312,4387,3018,40,1
3313,732,1504,32,1
3314,3752,2211,28,1
3315,2202,2258,28,1
3316,1167,2139,28,0
3317,6507,2127,36,0
3318,6871,1945,32,0
3319,3829,1968,28,0
3320,3580,3384,40,1
3321,4506,2147,36,0
3322,800,3495,36,0
3323,3423,1677,32,0
3324,6762,3225,28,1
3325,8140,2666,40,1
3326,6896,3236,28,1
3327,5439,3188,36,0
3328,4957,2063,40,0
3329,387,2002,32,1
3330,8957,1531,28,0
3331,3984,3287,28,1
3332,3391,2654,28,1
3333,2826,2468,32,1
3334,5134,2615,40,0
3335,8371,1671,32,0
3336,1637,2777,32,1
3337,6257,2612,36,0
3338,3166,2191,36,0
3339,7399,1954,28,0
3340,1519,2279,28,0
3341,2366,2189,40,1
3342,8983,2028,32,1
3343,5666,2640,28,0
3344,8907,2233,36,1
3345,7662,2693,40,1
3346,1459,2426,28,1
3347,1130,1929,28,1
3348,4776,3235,32,0
3349,4983,2028,40,1
3350,5513,2752,40,1
3351,2062,2939,32,1
3352,3823,2535,32,1
3353,4922,2735,32,1
3354,2806,2858,40,1
3355,4067,3286,32,0
3356,1826,2987,40,1
3357,5768,3044,28,0
3358,7703,2280,32,1
3359,8608,2503,36,1
3360,3878,2356,28,0
3361,2428,1561,40,1
3362,6379,3458,32,1
3363,3950,3219,36,1
3364,3995,2153,36,0
3365,7860,2990,32,0
3366,5277,1663,28,0
3367,3725,2233,28,0
3368,2421,2842,32,1
3369,6373,1520,36,1
3370,8613,3090,28,0
3371,8621,3390,28,0
3372,4002,1567,36,1
3373,5282,1882,36,0
3374,2422,3227,28,0
3375,2715,2372,40,0
3376,80,2363,40,0
3377,794,3156,40,1
3378,5437,2083,40,1
3379,4514,3301,32,0
3380,4555,2130,28,1
3381,487,2201,40,1
3382,2713,2513,32,0
3383,7833,1806,32,1
3384,4801,2711,32,0
3385,4050,2700,28,0
3386,8425,2029,36,1
3387,7437,2320,36,0
3388,5714,2723,28,0
3389,1098,2575,40,0
3390,6555,2081,28,0
3391,5654,2100,36,0
3392,7154,2219,28,1
3393,2603,2974,32,0
3394,3755,2197,40,0
3395,8971,2411,28,0
3396,6782,1585,36,0
3397,2902,2113,40,0
3398,7261,2858,40,1
3399,3106,3407,28,1
3400,2026,2142,36,1
3401,1603,1717,32,0
3402,6367,2295,36,0
3403,761,1552,36,1
3404,4045,2129,32,1
3405,4922,2063,32,0
3406,2827,2178,28,0
3407,2670,2385,28,0
3408,7013,2543,40,1
3409,3942,2118,32,0
3410,4126,2508,36,1
3411,4093,1658,36,0
3412,5215,1997,40,0
3413,8553,1574,28,0
3414,4037,3369,28,1
3415,403,3177,36,1
3416,8305,3447,36,1
3417,6394,2954,28,0
3418,4030,2799,40,0
3419,5565,1647,32,1
3420,3993,1985,28,0
3421,4558,2949,40,0
3422,2590,1771,32,0
3423,4167,3448,32,0
3424,1274,3144,36,1
3425,1218,1856,28,1
3426,1315,3320,32,1
3427,5678,2062,32,1
3428,5566,2301,36,1
3429,5152,3336,28,1
3430,401,1555,40,0
3431,5619,1621,36,1
3432,4019,2866,36,0
3433,8789,2405,40,1
3434,5473,2560,28,1
3435,5305,1698,28,0
3436,4608,2142,36,1
3437,5345,3015,32,0
3438,983,2695,28,1
3439,6791,2678,36,0
3440,6536,2081,36,0
3441,570,2803,40,0
3442,7920,3096,40,0
3443,2646,3426,40,0
3444,5147,2073,36,0
3445,7402,2845,28,0
3446,2157,2879,40,0
3447,3492,2907,36,0
3448,6163,1541,40,0
3449,4221,1853,32,0
3450,7608,2294,28,0
3451,3654,2485,32,0
3452,6480,3305,32,0
3453,4632,2605,32,0
3454,4862,2924,40,1
3455,5272,2651,32,1
3456,7847,1800,28,1
3457,8877,1658,36,0
3458,8803,1630,36,0
3459,1187,2336,32,1
3460,2196,2729,36,1
3461,4043,2050,28,0
3462,3731,2989,32,1
3463,6824,2675,40,0
3464,345,1529,32,0
3465,1394,1996,40,0
3466,22,2581,36,0
3467,8148,3349,28,0
3468,7161,1701,32,1
3469,1791,3307,32,0
3470,8177,3358,28,0
3471,4835,2745,32,1
3472,3367,1854,36,1
3473,2135,2349,40,1
3474,3247,3114,36,1
3475,713,3243,36,1
3476,6763,3126,36,1
3477,7631,2238,40,0
3478,5680,3487,28,0
3479,7149,2414,28,1
3480,5609,3009,36,0
3481,6126,3353,36,0
3482,8598,3331,32,0
3483,7609,2275,40,0
3484,6994,1587,28,1
3485,7586,2625,40,1
3486,3607,1880,40,1
3487,3082,3318,28,0
3488,3892,1616,36,0
3489,4408,3371,32,0
3490,8087,2932,32,0
3491,8330,2736,40,0
3492,7197,1921,36,1
3493,1065,1716,40,1
3494,5932,3498,40,1
3495,5149,2009,40,0
3496,2676,2364,40,0
3497,4146,3263,28,0
3498,4593,3315,36,1
3499,4799,2429,28,1
3500,4104,2910,28,1
3501,1753,2264,40,1
3502,1124,1705,28,1
3503,1324,2170,36,0
3504,4880,2457,28,1
3505,1093,2494,32,0
3506,3453,3111,28,1
3507,6797,2497,32,1
3508,5960,1896,40,1
3509,2433,3118,28,0
3510,6676,2480,28,0
3511,8857,2829,32,0
3512,1397,1833,32,1
3513,8024,3426,36,0
3514,1465,3302,40,0
3515,8117,3481,36,1
3516,5212,1934,28,0
3517,6718,2459,32,0
3518,7732,3040,36,0
3519,7879,2400,40,1
3520,3834,2373,36,0
3521,6411,3201,40,1
3522,533,3270,32,0
3523,4293,2728,28,0
3524,7725,3408,36,0
3525,3181,3489,40,1
3526,3867,3475,28,1
3527,3746,3253,36,1
3528,2610,3253,36,1
3529,7406,3069,28,1
3530,3781,1808,32,1
3531,7604,1947,40,1
3532,6015,2091,32,1
3533,5091,3011,28,0
3534,7246,2856,32,0
3535,3205,1962,36,0
3536,396,2674,36,0
3537,525,3252,32,1
3538,4443,1960,28,1
3539,836,3248,32,1
3540,2962,2764,36,1
3541,4295,3476,32,1
3542,6382,3495,32,0
3543,1678,2738,32,1
3544,5641,3406,32,1
3545,1694,1853,36,1
3546,261,2454,40,1
3547,6899,2474,36,0
3548,6874,2473,32,1
3549,6468,3189,32,1
3550,8795,2500,32,1
3551,8365,2220,28,0
3552,358,2490,32,1
3553,6139,1757,32,1
3554,3719,2040,28,0
3555,2649,2235,32,0
3556,5080,2112,36,0
3557,681,2956,32,1
3558,8125,1865,32,0
3559,2739,2638,36,1
3560,4629,3486,36,0
3561,5227,1811,32,1
3562,6586,2118,36,1
3563,6224,1857,36,0
3564,8937,3143,32,0
3565,712,1630,28,1
3566,6755,2429,36,1
3567,2926,2829,40,0
3568,7836,2176,32,1
3569,5802,2170,32,1
3570,7604,1744,36,1
3571,6854,1982,40,1
3572,8104,2670,32,0
3573,8888,2432,40,1
3574,8398,3164,40,1
3575,4864,2548,40,1
3576,2209,2130,28,1
3577,5259,1629,32,1
3578,1947,1674,36,0
3579,926,2036,28,1
3580,686,1777,32,0
3581,668,3065,36,1
3582,2409,2217,40,0
3583,672,3100,36,0
3584,1036,3302,40,0
3585,6389,3177,32,1
3586,8444,2919,36,0
3587,375,1602,36,1
3588,3051,3155,40,1
3589,1680,2710,28,0
3590,1791,2786,28,1
3591,583,2447,36,0
3592,4788,2278,32,0
3593,4196,2460,32,0
3594,898,1833,36,0
3595,7881,1868,28,0
3596,2910,3150,40,0
3597,2238,3455,36,0
3598,6911,3147,36,0
3599,378,2482,36,1
3600,8729,2797,40,0
3601,7005,2015,36,1
3602,4567,2264,36,0
3603,4810,3292,32,0
3604,5161,2682,40,1
3605,8951,1982,40,0
3606,2677,3319,40,0
3607,481,2697,36,0
3608,1470,2400,28,1
3609,7804,2941,36,1
3610,8553,3463,40,0
3611,4164,2427,40,0
3612,8613,3311,32,0
3613,126,3175,40,1
3614,7492,2000,40,1
3615,2777,2049,36,0
3616,4878,3371,32,0
3617,4571,2352,28,0
3618,3263,3481,32,1
3619,2504,3393,28,0
3620,480,2509,28,1
3621,8437,3492,28,1
3622,4779,2270,32,0
3623,7639,2242,32,0
3624,7324,3214,40,0
3625,7758,2551,36,1
3626,3059,2190,28,1
3627,8696,2730,28,0
3628,1780,2292,32,1
3629,639,3135,32,0
3630,2331,3320,32,0
3631,441,2324,40,0
3632,1692,2814,32,0
3633,4599,2093,28,0
3634,1836,2173,32,1
3635,1019,2035,36,0
3636,1112,2660,32,0
3637,5019,2267,40,0
3638,4618,3453,40,0
3639,4990,2332,36,1
3640,3627,3160,32,1
3641,6537,2799,40,1
3642,5955,1896,36,1
3643,514,1504,36,0
3644,3127,2747,36,0
3645,1986,1947,32,0
3646,8743,2696,40,1
3647,1175,2900,32,0
3648,735,2643,36,1
3649,6642,1649,32,0
3650,5526,3048,40,0
3651,5851,2723,36,1
3652,2804,2158,40,1
3653,8826,2819,28,0
3654,4248,2343,28,0
3655,1829,2045,40,0
3656,8868,1956,32,0
3657,5135,1923,36,0
3658,1339,2683,36,1
3659,1500,1745,28,0
3660,7268,2295,32,0
3661,2450,2895,36,0
3662,2693,2232,28,1
3663,6038,1971,36,0
3664,85,2181,28,0
3665,3694,2295,28,1
3666,2263,3302,36,1
3667,1216,2931,36,0
3668,1692,3325,32,0
3669,4435,2934,40,1
3670,4653,2729,36,0
3671,2850,2171,28,1
3672,7919,1655,32,0
3673,3766,1769,40,1
3674,7056,3212,36,1
3675,6238,2963,40,0
3676,2395,2070,32,0
3677,3476,2265,32,1
3678,4214,2827,28,1
3679,7840,1598,28,1
3680,8597,2571,32,0
3681,4142,3491,32,0
3682,2549,2312,28,0
3683,6085,2728,28,1
3684,6614,2913,32,0
3685,7530,2114,36,0
3686,3274,1506,40,1
3687,7092,1846,32,0
3688,4072,3439,36,1
3689,1025,1963,28,0
3690,592,2789,40,1
3691,3952,2601,32,1
3692,4797,2047,40,0
3693,5530,3147,36,1
3694,2025,3454,32,1
3695,3199,2203,36,1
3696,2762,2238,40,0
3697,21,3257,28,1
3698,3127,1987,32,1
3699,912,2039,28,0
3700,4013,3338,28,1
3701,8873,3465,32,0
3702,6422,2408,32,0
3703,8849,2307,28,0
3704,4506,2398,28,1
3705,3173,2443,32,1
3706,2854,2624,28,0
3707,1446,2396,40,1
3708,3881,2833,40,1
3709,1130,1582,32,1
3710,8945,3028,36,0
3711,1859,2530,36,1
3712,5748,3258,40,0
3713,1609,1969,40,0
3714,3000,2452,36,0
3715,1427,2034,40,0
3716,8206,1621,40,1
3717,4584,2151,40,1
3718,4210,3139,40,1
3719,5575,2052,40,1
3720,7415,3334,40,1
3721,4985,3299,36,1
3722,766,3363,28,1
3723,7388,2043,28,0
3724,8586,3092,36,1
3725,3417,2850,40,0
3726,3606,1590,36,1
3727,4200,2944,32,1
3728,2554,3493,32,0
3729,1581,3284,28,1
3730,4582,2432,32,0
3731,1738,1887,36,0
3732,2559,2521,36,1
3733,5189,2709,32,1
3734,11,2120,36,1
3735,7579,2427,36,1
3736,4891,2972,40,0
3737,4540,2001,28,0
3738,2468,1658,32,1
3739,4025,3463,40,0
3740,5532,2503,28,0
3741,4192,1924,36,0
3742,6086,2234,36,0
3743,6671,3237,40,0
3744,6487,2402,32,1
3745,1624,2165,28,0
3746,3374,2874,32,1
3747,3184,2550,32,0
3748,6108,1823,40,1
3749,4632,3442,40,0
3750,54,2438,36,1
3751,2741,1673,28,0
3752,6422,2213,28,1
3753,3832,2894,32,0
3754,8390,2751,36,0
3755,6306,2275,32,0
3756,4275,3329,36,1
3757,7147,3148,32,1
3758,2799,2469,40,0
3759,4665,2615,28,0
3760,4549,1528,40,0
3761,1185,2521,36,0
3762,8877,1737,36,1
3763,3479,3400,36,0
3764,3967,2493,28,0
3765,3105,1819,28,0
3766,4549,2132,36,0
3767,6070,1623,40,1
3768,8303,1746,28,1
3769,726,3097,36,1
3770,6214,3470,32,0
3771,8695,2394,28,1
3772,3048,2658,28,0
3773,3844,2989,36,0
3774,6025,1820,36,1
3775,2021,2995,40,0
3776,659,2869,32,1
3777,7603,3247,32,1
3778,3205,2128,36,0
3779,6544,3065,40,0
3780,1927,2811,36,0
3781,5634,2274,28,1
3782,3231,3009,36,0
3783,8609,2459,32,1
3784,3057,2174,32,0
3785,3199,1652,28,1
3786,6843,3478,40,1
3787,5855,3238,40,0
3788,5971,2902,28,0
3789,390,1815,28,0
3790,6574,2855,36,1
3791,2856,3316,36,1
3792,6911,3482,28,0
3793,3243,3038,40,1
3794,3018,2830,32,1
3795,8716,2518,36,1
3796,2820,2778,28,0
3797,1139,3001,36,1
3798,8241,3372,40,0
3799,1797,2611,28,0
3800,381,2815,36,0
3801,1902,1877,32,1
3802,3943,3335,36,0
3803,1955,3378,32,0
3804,6277,1791,36,0
3805,7941,3170,36,0
3806,5366,2196,28,1
3807,6627,2867,32,1
3808,3639,2265,40,1
3809,2241,2291,36,0
3810,8207,1914,40,0
3811,590,3393,28,0
3812,7084,2438,28,1
3813,4253,3440,28,0
3814,7682,2151,40,1
3815,2746,3032,36,0
3816,5898,2868,28,1
3817,311,2197,40,0
3818,7622,2478,28,0
3819,1549,1911,36,1
3820,1160,2961,28,1
3821,3516,1763,32,0
3822,1739,2700,40,1
3823,8409,2097,32,0
3824,2966,2772,40,1
3825,8888,3115,28,1
3826,1426,1572,32,1
3827,4681,1720,36,1
3828,1878,2865,40,0
3829,8509,3364,36,0
3830,2544,2104,36,1
3831,5056,2379,36,1
3832,2380,1963,28,1
3833,2280,2632,40,1
3834,7441,2759,28,1
3835,3601,1665,28,0
3836,1331,2129,40,1
3837,440,2743,28,1
3838,7064,3461,40,1
3839,3917,2166,36,1
3840,2673,2088,28,1
3841,2084,2715,28,0
3842,3090,2366,32,0
3843,1758,2619,28,1
3844,4475,1883,40,1
3845,3498,2527,36,1
3846,8192,1590,32,1
3847,3854,2837,36,1
3848,4362,3090,36,1
3849,2940,1698,36,0
3850,918,2582,40,0
3851,6493,3184,36,1
3852,7411,2703,36,0
3853,5627,3204,40,0
3854,8357,2413,28,1
3855,2209,1669,28,0
3856,7390,2077,36,1
3857,7271,1769,28,0
3858,3681,1966,28,1
3859,5568,2000,28,1
3860,6847,2204,32,1
3861,7729,2353,28,1
3862,8329,3472,36,0
3863,5097,2024,32,0
3864,3019,3356,28,0
3865,8877,2184,28,1
3866,2459,2280,36,0
3867,2976,2806,32,0
3868,6266,3334,36,1
3869,1031,1604,28,1
3870,1366,2168,40,1
3871,3008,2952,40,1
3872,7477,2229,28,0
3873,1052,1969,28,1
3874,8762,2316,32,1
3875,773,2958,28,0
3876,6750,1741,40,1
3877,1207,2791,28,1
3878,8672,2469,36,0
3879,828,3025,36,1
3880,4141,1599,32,1
3881,980,3328,36,1
3882,6009,1997,40,1
3883,5012,2681,28,1
3884,1897,1540,32,0
3885,4602,3437,40,1
3886,4745,2305,36,1
3887,7431,3404,32,1
3888,2183,2189,36,0
3889,3802,1572,28,1
3890,5170,3217,36,0
3891,7903,1864,36,1
3892,6895,3147,28,0
3893,4451,3361,28,1
3894,2339,2419,32,0
3895,2239,2578,32,1
3896,2579,3174,36,1
3897,8018,1733,40,0
3898,6656,1803,40,0
3899,5388,2603,28,0
3900,7479,3244,40,0
3901,231,3447,36,1
3902,8279,2007,32,0
3903,789,2556,40,0
3904,6171,2836,28,0
3905,7691,2756,32,1
3906,5440,1679,36,0
3907,667,2377,40,1
3908,123,2698,40,1
3909,4544,2559,40,1
3910,3620,2497,32,1
3911,7927,2612,28,1
3912,62,3451,40,0
3913,2479,3151,32,0
3914,6370,3327,28,1
3915,8064,1964,36,0
3916,218,3140,32,1
3917,3501,2202,32,0
3918,79,1664,40,1
3919,536,2600,36,1
3920,8595,1688,28,1
3921,1520,1580,40,0
3922,8286,1805,28,1
3923,192,1825,28,1
3924,6836,1611,36,0
3925,3755,3489,40,0
3926,6505,3056,32,1
3927,5310,2188,40,0
3928,8186,2946,40,1
3929,4046,3264,36,0
3930,3120,2396,40,1
3931,7488,2707,28,0
3932,5758,2108,36,0
3933,6557,2372,28,0
3934,6198,2791,40,0
3935,486,2343,28,1
3936,6164,1991,40,0
3937,5185,2189,40,0
3938,1443,2488,40,1
3939,7816,2536,36,0
3940,2696,3210,36,0
3941,1986,3067,28,1
3942,4636,1796,28,1
3943,5036,2106,32,1
3944,4112,2864,36,1
3945,2507,2807,32,1
3946,2033,1653,36,0
3947,7118,2958,28,1
3948,1148,1854,32,1
3949,2593,1535,40,0
3950,6664,2439,28,0
3951,6889,3026,32,0
3952,3876,1680,40,1
3953,6503,2401,40,0
3954,1749,3012,40,1
3955,5969,1539,32,0
3956,4647,3227,32,0
3957,3191,3364,36,1
3958,8629,2159,36,1
3959,1513,3143,36,0
3960,3108,3182,32,0
3961,503,1618,28,1
3962,7429,2220,28,1
3963,324,2479,36,1
3964,1953,2603,32,0
3965,4665,3001,36,0
3966,7348,2347,36,1
3967,2371,2392,28,1
3968,2504,2809,32,0
3969,2583,2797,32,1
3970,8475,3051,32,0
3971,418,1668,28,0
3972,4289,1575,28,0
3973,4617,2783,32,1
3974,5875,2985,40,1
3975,537,3202,40,1
3976,7570,2405,40,0
3977,1015,2899,40,0
3978,4337,3161,32,1
3979,283,2258,40,1
3980,7689,2188,40,1
3981,4812,2486,32,0
3982,7283,1557,32,0
3983,2095,2728,36,0
3984,6994,2189,40,0
3985,8891,3259,40,1
3986,3073,2910,28,0
3987,4295,2941,32,0
3988,6509,2284,40,0
3989,8788,2273,32,0
3990,6592,2961,40,1
3991,8028,3245,32,1
3992,6167,2519,32,1
3993,5768,2587,40,0
3994,7376,3277,32,1
3995,169,2580,28,1
3996,944,2244,28,0
3997,6982,1916,36,1
3998,2507,2411,32,0
3999,3405,2201,40,1
4000,4017,1768,32,1
4001,1410,2413,28,1
4002,8077,3174,36,0
4003,8915,2358,36,1
4004,1953,1672,40,0
4005,4471,3256,28,1
4006,5094,3448,32,0
4007,5661,2227,40,1
4008,237,1776,40,1
4009,8873,1837,28,1
4010,8559,1936,32,0
4011,2647,3016,40,0
4012,1027,1892,36,1
4013,6334,2775,36,0
4014,2834,2524,36,1
4015,6729,2638,28,0
4016,2068,1963,40,1
4017,984,1715,40,0
4018,2257,3153,32,1
4019,4205,1962,32,0
4020,4223,1860,36,0
4021,1990,2378,32,0
4022,7774,1783,28,1
4023,2118,3015,32,0
4024,5767,1705,32,0
4025,6937,1795,40,0
4026,2243,1863,32,0
4027,6863,3125,32,0
4028,580,2742,40,0
4029,8512,2331,28,1
4030,4830,1992,28,0
4031,5319,1575,40,1
4032,7211,3330,28,1
4033,2570,2597,28,0
4034,2963,1863,40,1
4035,8225,3261,36,0
4036,6462,2191,32,0
4037,1141,1580,36,1
4038,7619,2765,28,1
4039,7003,1712,32,0
4040,4644,1891,40,0
4041,4470,2685,36,0
4042,4708,2601,36,0
4043,6288,2955,32,0
4044,593,2559,36,1
4045,6163,3104,40,1
4046,2211,2587,32,0
4047,5414,3387,36,0
4048,5306,2618,32,1
4049,8368,3167,40,0
4050,6335,2309,32,0
4051,3931,2103,36,1
4052,7219,3452,28,0
4053,834,3467,32,0
4054,1905,2178,28,0
4055,335,3414,40,0
4056,4216,2786,32,1
4057,3648,1877,32,0
4058,4667,3482,36,0
4059,7951,3044,40,0
4060,4344,2834,40,0
4061,5485,2100,32,0
4062,47,2475,32,1
4063,5326,3445,40,0
4064,4420,2167,28,1
4065,589,2504,32,0
4066,7429,2281,36,0
4067,1128,3248,32,0
4068,1658,2145,40,1
4069,7021,2498,28,1
4070,485,1827,28,1
4071,4296,3094,40,0
4072,6968,3489,36,1
4073,1319,2680,36,0
4074,2515,2049,40,1
4075,3150,2233,36,1
4076,7044,2758,36,1
4077,8943,2945,28,0
4078,6277,2135,32,0
4079,2924,1635,28,1
4080,6406,2954,28,0
4081,7656,2102,32,1
4082,3689,2251,28,1
4083,8826,1686,36,1
4084,5587,3119,32,1
4085,1514,3035,36,0
4086,4818,1574,36,0
4087,8447,2196,32,1
4088,7957,2374,32,1
4089,1381,2992,28,0
4090,2513,3146,40,0
4091,5791,3387,36,0
4092,4821,2752,36,1
4093,6259,2634,40,0
4094,820,2786,36,1
4095,259,2475,36,0
4096,8340,2612,28,1
4097,3279,3322,36,0
4098,3694,2533,36,1
4099,7928,1565,28,1
4100,912,2318,36,0
4101,3101,2251,40,1
4102,8470,1899,36,1
4103,5583,2326,32,0
4104,5205,3170,32,1
4105,1978,2219,36,1
4106,3608,2519,32,1
4107,5573,2851,40,0
4108,780,1802,36,1
4109,2309,1847,40,1
4110,2574,2406,28,1
4111,7935,3132,40,1
4112,3249,3208,32,1
4113,8164,2049,36,0
4114,6458,1810,32,0
4115,3428,2626,36,1
4116,2665,2240,28,0
4117,3894,3498,28,0
4118,2029,1734,40,0
4119,5977,2819,36,1
4120,507,2840,28,0
4121,2052,2053,36,1
4122,5770,3084,40,0
4123,5164,3370,28,1
4124,5841,1758,32,1
4125,961,2164,36,1
4126,2947,2534,28,1
4127,62,1926,36,1
4128,8542,2914,36,1
4129,5,1631,36,1
4130,2092,1690,32,0
4131,6539,1918,36,0
4132,5621,1754,32,1
4133,5193,3366,28,1
4134,14,2178,40,0
4135,5645,2450,40,1
4136,3968,2097,36,0
4137,7701,1525,32,1
4138,7103,2718,32,1
4139,7319,2560,28,1
4140,2240,3357,36,0
4141,3713,2696,40,1
4142,8799,3014,32,1
4143,2419,3288,32,0
4144,2958,3200,28,0
4145,1852,1928,40,0
4146,939,2356,28,1
4147,6149,1958,36,1
4148,2507,1743,28,0
4149,4585,2047,28,1
4150,1057,3480,40,0
4151,2886,2866,32,1
4152,1802,1866,28,1
4153,5369,3467,32,1
4154,2004,3004,32,0
4155,5193,1644,36,0
4156,7908,3419,32,0
4157,6126,3002,40,0
4158,7302,1664,40,0
4159,2433,1943,28,0
4160,6411,3225,28,0
4161,3435,2235,32,0
4162,1849,2490,36,0
4163,6396,2081,32,0
4164,3751,2484,28,1
4165,8757,3210,28,0
4166,4187,2496,32,0
4167,8965,2359,40,1
4168,8550,1642,32,1
4169,6408,2625,28,1
4170,3529,3497,36,0
4171,1051,3312,32,0
4172,8502,3064,32,0
4173,893,1871,28,1
4174,8760,2908,36,0
4175,628,1762,36,1
4176,1364,2725,28,1
4177,2331,2290,32,1
4178,6162,2867,32,0
4179,4068,1753,36,1
4180,7567,2660,36,0
4181,1443,3165,28,0
4182,6324,3107,40,1
4183,3112,2388,32,1
4184,4087,3225,32,1
4185,5210,3417,28,0
4186,623,1817,28,1
4187,6040,2856,36,1
4188,5720,2179,28,0
4189,7123,2093,36,1
4190,2565,3086,32,1
4191,388,2860,28,1
4192,477,2720,32,0
4193,8329,1729,40,0
4194,1655,2789,28,0
4195,6707,2021,36,0
4196,936,2487,32,0
4197,8245,3112,40,1
4198,3272,2430,28,1
4199,6114,1651,40,0
4200,3822,1983,28,1
4201,2912,1732,36,1
4202,7941,1765,40,0
4203,7712,1961,28,1
4204,1734,2896,36,0
4205,2023,3214,28,1
4206,8345,2506,28,0
4207,2414,2326,32,0
4208,78,1621,28,1
4209,4720,2567,28,0
4210,498,1630,40,1
4211,600,1739,36,0
4212,8895,2974,36,0
4213,6089,3321,36,0
4214,36,2441,32,0
4215,5351,1941,28,0
4216,8945,2162,40,1
4217,490,3463,36,1
4218,1319,1815,28,1
4219,7210,2123,40,0
4220,5796,2146,28,0
4221,6978,1739,40,1
4222,7667,3221,40,1
4223,4662,2424,40,0
4224,6249,2220,28,0
4225,1429,3421,36,1
4226,6557,1907,40,1
4227,5299,3172,40,1
4228,5978,1689,40,0
4229,807,2084,36,0
4230,325,3014,32,1
4231,2172,2781,40,0
4232,3070,2279,36,1
4233,1532,1508,32,1
4234,8859,1995,32,1
4235,8973,2063,40,1
4236,279,3323,36,1
4237,3649,1866,28,1
4238,5340,2688,40,1
4239,3318,1700,32,1
4240,2639,1972,40,0
4241,1000,2615,28,1
4242,7237,2809,32,0
4243,3930,3420,32,0
4244,495,2248,36,0
4245,5831,1582,28,1
4246,4977,2725,36,1
4247,5782,3200,40,1
4248,4476,1755,40,0
4249,6145,1538,36,0
4250,5214,2858,28,0
4251,67,3305,32,0
4252,8646,3204,32,1
4253,5087,2320,40,1
4254,5125,3316,32,0
4255,2756,3225,32,1
4256,1355,1731,36,0
4257,8254,2602,40,0
4258,939,3108,32,0
4259,8561,3176,36,1
4260,7545,2320,40,1
4261,7604,1851,28,1
4262,3611,1856,40,1
4263,7220,2912,40,1
4264,8960,2407,32,1
4265,2878,3220,36,0
4266,2240,2758,36,1
4267,2664,1985,28,1
4268,101,2245,32,1
4269,4476,2019,36,0
4270,834,2323,28,1
4271,6515,2650,28,1
4272,8210,3112,40,0
4273,7695,2971,40,1
4274,2081,1889,40,1
4275,4829,1887,28,1
4276,2589,3004,32,1
4277,8129,3268,36,0
4278,5995,1744,40,0
4279,5941,3356,36,1
4280,586,2495,28,1
4281,8966,3008,36,0
4282,7981,3432,36,0
4283,575,3002,28,1
4284,1153,2778,32,0
4285,2569,2685,28,0
4286,4914,2436,40,0
4287,5611,2949,40,1
4288,1401,2655,40,0
4289,1962,1654,36,1
4290,6600,1794,28,1
4291,2654,2768,32,0
4292,4754,1733,28,0
4293,829,2046,36,0
4294,2566,1695,40,0
4295,7149,3114,36,0
4296,8819,1737,32,0
4297,7790,2890,32,1
4298,4877,3178,36,1
4299,2575,2093,36,0
4300,6742,3115,32,1
4301,4179,3432,28,0
4302,6350,3331,28,0
4303,8353,3013,32,1
4304,5953,2120,40,0
4305,3985,3386,40,0
4306,5586,3354,28,0
4307,6617,2701,40,1
4308,5683,2327,36,1
4309,1596,1807,32,1
4310,5048,2467,36,0
4311,4894,1740,40,0
4312,7257,2815,32,1
4313,4642,1679,32,0
4314,5643,3023,40,0
4315,3279,3152,36,1
4316,5619,2043,28,0
4317,1309,2000,36,1
4318,2782,2308,40,1
4319,6667,2945,32,0
4320,385,1642,36,0
4321,5585,3279,36,1
4322,5067,2966,32,1
4323,7884,3160,40,1
4324,4830,2552,32,1
4325,2619,1745,28,1
4326,4751,1512,36,1
4327,2761,1861,28,1
4328,2750,2594,40,0
4329,5409,2848,36,0
4330,8224,3133,36,1
4331,5199,3092,40,0
4332,540,2529,32,1
4333,2938,1893,36,1
4334,4885,3098,32,1
4335,7779,1603,28,1
4336,5094,1838,32,1
4337,6983,2492,28,1
4338,8214,3160,32,1
4339,4121,2302,28,1
4340,1066,3460,28,0
4341,2593,2881,36,0
4342,2555,2881,40,0
4343,346,3160,40,0
4344,4911,2642,32,1
4345,467,2307,40,1
4346,3384,2632,40,1
4347,153,2793,28,0
4348,7482,1888,40,1
4349,4203,2533,36,0
4350,7370,2212,28,0
4351,2512,3274,32,0
4352,2417,3426,36,1
4353,5038,2813,32,1
4354,6248,3490,36,1
4355,5942,1548,28,0
4356,6590,2861,40,0
4357,5115,2945,32,0
4358,8339,1961,28,1
4359,4548,2162,32,0
4360,1674,1678,36,1
4361,4728,3311,28,0
4362,171,2296,40,1
4363,8573,3411,36,0
4364,2679,3153,40,1
4365,3318,2972,36,0
4366,744,2198,40,0
4367,4929,2779,40,1
4368,8883,1863,32,0
4369,7615,2421,32,0
4370,5816,1608,32,1
4371,8913,2852,40,0
4372,4329,3401,28,1
4373,7132,2966,28,1
4374,6527,3452,32,1
4375,558,2955,36,0
4376,5904,3285,28,0
4377,2607,1575,36,0
4378,4540,1922,36,1
4379,569,3182,32,1
4380,5406,3020,40,1
4381,7917,2039,40,1
4382,4570,2626,36,1
4383,4101,2817,40,1
4384,5775,1542,28,0
4385,8058,2560,36,1
4386,7967,1861,32,1
4387,4523,3198,28,0
4388,4107,1899,36,0
4389,2028,2585,40,1
4390,1792,3369,40,1
4391,2099,3447,32,1
4392,1420,2671,40,0
4393,2421,2112,36,1
4394,5523,2089,40,0
4395,3409,1891,36,1
4396,5735,2969,40,1
4397,5625,1993,36,1
4398,422,3037,36,1
4399,7125,3013,28,0
4400,8372,2929,40,0
4401,2625,3052,28,0
4402,1444,3469,32,0
4403,830,2425,36,0
4404,6594,2740,36,1
4405,3565,2095,32,0
4406,1803,1591,36,0
4407,2672,2764,32,0
4408,2186,3211,28,0
4409,4100,1629,32,0
4410,7990,2103,36,1
4411,6055,2666,32,0
4412,466,2855,32,1
4413,8192,2780,40,0
4414,4670,2611,36,1
4415,7197,2827,32,0
4416,7563,2200,40,1
4417,7892,3120,32,1
4418,7643,2641,28,1
4419,6787,2780,40,1
4420,5148,3062,28,0
4421,3188,2798,28,1
4422,5557,1664,32,1
4423,752,2746,36,0
4424,6692,1937,32,0
4425,2331,1696,40,1
4426,8590,2863,28,1
4427,3671,2521,32,0
4428,2236,2586,40,0
4429,8614,2721,40,0
4430,1666,3486,36,1
4431,2163,1638,40,1
4432,4559,3478,32,1
4433,5954,3341,36,1
4434,4196,1607,28,0
4435,8910,3219,36,0
4436,3102,1543,32,1
4437,904,1575,28,1
4438,766,1551,36,1
4439,1812,3186,32,0
4440,4175,3335,32,0
4441,8383,3300,36,0
4442,4942,2394,28,0
4443,3993,2527,32,1
4444,825,2181,32,0
4445,4924,1553,36,1
4446,4211,2948,28,0
4447,3354,3478,40,1
4448,7161,2158,32,1
4449,2528,1806,32,1
4450,3863,2535,36,0
4451,5646,2974,28,1
4452,734,2674,36,1
4453,7772,2885,28,1
4454,2598,2075,40,1
4455,1209,2639,32,0
4456,1566,2219,28,0
4457,3827,3172,32,0
4458,8952,2095,28,0
4459,5687,3109,28,0
4460,5095,2081,32,0
4461,5474,2340,36,0
4462,3181,3261,28,0
4463,6722,1613,32,0
4464,8117,2539,28,1
4465,7838,3435,32,0
4466,6582,2885,28,1
4467,3415,3299,40,0
4468,8111,1713,36,1
4469,7505,1610,32,0
4470,5842,1910,32,0
4471,3744,2845,40,0
4472,5953,2447,40,1
4473,142,3382,28,0
4474,8258,3446,32,1
4475,7130,1626,32,1
4476,6071,2872,28,1
4477,4652,2021,36,0
4478,39,1654,40,0
4479,4523,3407,40,0
4480,3615,2985,36,1
4481,8256,3041,40,0
4482,299,2122,32,1
4483,5672,2286,32,0
4484,6230,3089,28,0
4485,2560,1907,40,1
4486,7927,2744,28,1
4487,1434,1985,36,0
4488,747,3233,32,0
4489,3317,3353,36,0
4490,4318,1591,36,1
4491,8521,1968,32,0
4492,4778,2752,40,1
4493,8437,2497,28,0
4494,6688,3198,28,1
4495,4095,1578,28,0
4496,7548,2699,32,1
4497,6860,2978,28,1
4498,91,2295,28,1
4499,8494,2398,36,0
4500,8730,1509,40,1
4501,107,2727,28,1
4502,3854,1810,36,1
4503,395,3169,40,0
4504,3080,1703,40,1
4505,8871,2015,36,1
4506,6159,2870,28,1
4507,7940,2410,32,1
4508,4289,3301,32,0
4509,6,2516,36,0
4510,7234,3247,36,1
4511,1775,3245,36,0
4512,979,2957,40,0
4513,7349,3094,28,0
4514,2771,2890,40,1
4515,8137,1972,36,0
4516,6163,3370,36,1
4517,525,1638,32,0
4518,8456,3027,28,0
4519,2425,1881,28,1
4520,3902,2403,32,0
4521,5212,3177,32,1
4522,3419,3327,40,0
4523,6712,2201,32,0
4524,5414,2363,40,0
4525,6506,2562,32,1
4526,6985,2246,40,1
4527,7951,2177,36,1
4528,1598,2513,40,0
4529,5309,3001,36,1
4530,5538,2082,32,1
4531,3609,2020,40,1
4532,3585,1717,32,0
4533,2507,2593,40,0
4534,7439,2854,32,0
4535,2522,1779,36,1
4536,5281,1885,36,1
4537,6961,3305,36,1
4538,4963,2625,40,1
4539,1006,3446,40,1
4540,2459,2095,28,0
4541,724,2614,40,1
4542,1292,2968,40,1
4543,6522,2380,36,1
4544,762,2574,28,1
4545,6589,3215,32,0
4546,5076,2389,32,1
4547,5335,1557,36,0
4548,8655,2974,32,0
4549,3420,1947,32,1
4550,5512,3077,40,1
4551,4614,2479,32,1
4552,4284,1832,28,0
4553,3249,1736,32,0
4554,3214,1535,28,0
4555,3671,2748,28,1
4556,1854,3473,40,1
4557,4519,3113,32,0
4558,915,3485,28,0
4559,2712,3325,32,0
4560,4981,3217,40,1
4561,3820,2528,40,0
4562,4344,2644,36,0
4563,4510,2270,32,1
4564,1165,3044,36,0
4565,8531,3116,32,0
4566,492,1778,40,1
4567,8230,3238,40,0
4568,3223,3109,28,1
4569,5166,2391,36,0
4570,2559,3282,28,0
4571,6258,1955,40,0
4572,2768,1732,28,1
4573,6096,1881,28,0
4574,6159,1709,36,0
4575,7186,3322,40,1
4576,3269,2599,40,1
4577,7454,2439,28,0
4578,6303,1683,28,1
4579,3737,2283,36,1
4580,1387,2851,32,1
4581,863,2585,28,0
4582,2039,2335,36,1
4583,2258,3187,36,0
4584,2544,3319,36,0
4585,929,1594,32,1
4586,5101,2444,40,0
4587,2179,3481,32,0
4588,8628,3052,28,0
4589,7456,2154,28,1
4590,2213,3472,36,1
4591,8361,2098,28,0
4592,420,2382,32,1
4593,3977,3440,40,0
4594,5905,2278,32,1
4595,7178,2070,28,0
4596,4842,2297,32,1
4597,8331,2144,36,1
4598,8493,3003,40,1
4599,2905,2730,36,0
4600,529,2913,28,1
4601,6336,2562,32,0
4602,3706,2080,32,0
4603,6351,1703,28,0
4604,107,1874,28,0
4605,5453,1973,28,1
4606,1862,3048,32,1
4607,8234,1552,28,0
4608,6868,1851,32,0
4609,5955,3367,36,1
4610,8323,3267,28,1
4611,6649,2343,28,0
4612,8165,2595,40,1
4613,7630,3412,32,1
4614,4999,3358,32,1
4615,1644,2845,36,0
4616,6788,3125,32,0
4617,789,2341,28,0
4618,1241,1546,32,1
4619,4489,2128,32,0
4620,6156,2368,40,1
4621,2360,1849,40,1
4622,4613,1766,32,0
4623,8127,3127,36,1
4624,3549,1519,36,0
4625,1819,2351,40,1
4626,1639,3153,28,0
4627,1300,3153,40,0
4628,8832,2800,36,1
4629,285,1913,32,0
4630,6436,3153,40,0
4631,8840,2463,32,1
4632,3230,2802,40,0
4633,7357,3220,28,0
4634,3324,1970,40,0
4635,7162,1977,36,0
4636,1015,3059,40,1
4637,5806,3460,28,0
4638,2834,1875,32,0
4639,2641,2230,28,0
4640,8298,2443,28,0
4641,2591,2129,32,1
4642,7544,3227,36,1
4643,6375,2354,40,0
4644,4053,2434,28,0
4645,2231,2149,36,1
4646,926,2481,28,1
4647,2706,3136,32,0
4648,2993,3214,28,0
4649,4362,3225,28,0
4650,5660,3020,28,1
4651,1377,2240,32,1
4652,4583,2364,32,1
4653,914,1852,36,0
4654,5995,1626,32,1
4655,2953,2750,32,1
4656,7388,2329,36,0
4657,7868,3443,28,0
4658,2714,2038,28,0
4659,5105,1618,36,0
4660,6932,2988,36,0
4661,1040,2754,28,1
4662,6816,1741,40,1
4663,7798,1503,36,1
4664,8715,1993,40,0
4665,4414,1694,28,0
4666,1143,2688,32,0
4667,742,3365,40,0
4668,4876,3415,40,1
4669,313,3000,40,0
4670,3145,1716,28,1
4671,6472,3021,28,1
4672,8799,2953,40,1
4673,1632,2488,40,0
4674,6263,3491,32,1
4675,22,2614,40,1
4676,2405,3338,36,0
4677,2626,2845,40,0
4678,954,3141,36,1
4679,7099,3401,32,1
4680,3909,3141,28,1
4681,4615,3455,28,1
4682,3660,2350,28,0
4683,8395,2516,36,0
4684,7726,2226,32,0
4685,4092,1705,32,0
4686,1831,1900,40,0
4687,8387,2059,36,0
4688,4055,1615,40,0
4689,6467,3385,36,1
4690,5732,3313,40,1
4691,5878,2917,36,0
4692,1639,3240,36,1
4693,8408,1764,28,1
4694,2782,1830,32,0
4695,676,3006,28,1
4696,2947,1675,40,0
4697,5574,2736,32,0
4698,5984,3244,40,0
4699,3142,2438,36,1
4700,6763,1865,28,0
4701,7236,1895,40,1
4702,3213,2069,36,1
4703,1259,3276,36,1
4704,963,1962,36,1
4705,5475,1851,28,0
4706,4588,3419,36,1
4707,5144,1924,36,1
4708,7832,2255,32,1
4709,7481,3198,32,0
4710,6510,1888,36,1
4711,3302,2190,28,1
4712,2885,2774,32,1
4713,7487,2316,36,1
4714,8692,1891,40,1
4715,6018,1884,36,0
4716,5320,3206,36,0
4717,248,2626,36,0
4718,3310,2973,32,0
4719,8177,3342,40,0
4720,7046,3158,28,1
4721,3825,3082,36,1
4722,7656,2356,28,0
4723,5763,1542,36,1
4724,2607,1592,36,0
4725,3547,1780,36,1
4726,8016,3369,28,1
4727,7952,3266,28,0
4728,3569,1638,36,1
4729,2955,2294,32,0
4730,5144,3418,32,1
4731,5279,1875,40,1
4732,5464,2910,28,0
4733,1400,2749,32,0
4734,8192,1848,28,0
4735,5476,2871,40,1
4736,4256,2210,32,1
4737,3151,2201,32,1
4738,5590,1942,32,1
4739,3554,2775,32,0
4740,7913,2063,32,0
4741,2666,2093,36,0
4742,3062,2780,36,1
4743,2866,1981,28,1
4744,1951,2347,36,0
4745,153,2698,28,0
4746,2295,2015,40,1
4747,3885,3366,40,0
4748,282,3385,36,0
4749,2244,3107,40,1
4750,4125,2830,32,0
4751,2127,3072,32,0
4752,1917,2192,28,1
4753,5473,2568,28,1
4754,1616,2098,36,1
4755,6077,1979,36,1
4756,8229,3011,32,0
4757,4170,1770,28,0
4758,1145,3230,36,0
4759,1567,3213,40,0
4760,8482,3490,40,1
4761,4661,3119,40,0
4762,5459,2679,28,0
4763,4629,1954,40,0
4764,3680,1502,32,0
4765,5952,3113,36,0
4766,3301,2003,28,0
4767,8977,1547,32,1
4768,4910,2712,32,0
4769,2276,2150,40,1
4770,7218,2713,32,1
4771,8491,2820,32,1
4772,529,2529,36,0
4773,2782,3306,36,1
4774,5042,1723,40,1
4775,1947,2613,36,0
4776,3624,2210,36,0
4777,4752,2856,40,0
4778,77,1951,36,1
4779,4559,3147,40,0
4780,1562,1742,36,1
4781,2525,2675,32,1
4782,1729,2973,32,1
4783,4001,2603,28,0
4784,6460,3277,28,1
4785,124,3012,36,1
4786,5555,3113,36,0
4787,4416,1922,36,0
4788,6128,2154,28,1
4789,1405,2415,28,0
4790,7314,1637,28,1
4791,2528,2872,36,1
4792,7647,2301,36,0
4793,4797,2513,32,0
4794,2176,3325,32,0
4795,7933,3465,32,1
4796,3282,1795,36,1
4797,2881,3325,36,1
4798,6589,3040,28,0
4799,6124,1838,32,0
4800,7499,3318,32,0
4801,894,2549,32,0
4802,6336,1727,28,0
4803,8478,1746,28,1
4804,745,1859,32,0
4805,1662,2734,40,1
4806,604,1917,40,1
4807,2007,3438,28,1
4808,6731,3412,32,1
4809,7799,2425,28,0
4810,4166,2245,40,0
4811,6166,1892,36,0
4812,2348,3469,32,0
4813,6207,3102,28,1
4814,6834,2976,36,0
4815,3066,2859,36,1
4816,3447,1700,40,1
4817,7997,2618,28,0
4818,8642,1803,32,1
4819,7788,2133,28,1
4820,3727,2691,32,1
4821,4087,1716,40,0
4822,6566,3397,40,0
4823,2319,2204,40,0
4824,6106,2768,32,0
4825,4531,2664,40,1
4826,33,2560,32,1
4827,4709,3050,32,1
4828,7332,3004,36,0
4829,5478,2319,28,0
4830,331,1683,32,0
4831,4087,1834,36,0
4832,4921,3420,32,0
4833,8512,1656,28,1
4834,8393,2055,32,0
4835,2977,2672,28,1
4836,6893,2921,32,0
4837,914,1674,40,0
4838,1118,2441,40,0
4839,317,2605,40,0
4840,4432,1530,40,0
4841,3915,1932,32,0
4842,7430,3140,36,1
4843,4172,2925,40,0
4844,4378,2492,40,1
4845,1875,2312,40,0
4846,961,2136,40,1
4847,3317,3119,40,0
4848,5460,2597,36,0
4849,7676,1671,36,0
4850,4903,3100,40,1
4851,6986,2486,32,0
4852,8112,2136,32,0
4853,8444,1629,32,1
4854,8175,2317,28,0
4855,5326,3311,40,0
4856,3588,1609,40,0
4857,3101,1768,32,0
4858,1591,1619,28,1
4859,2794,1736,28,1
4860,615,1528,32,0
4861,5559,1609,40,0
4862,8438,2498,28,0
4863,8113,2939,36,1
4864,409,1816,36,1
4865,6649,1705,28,0
4866,3851,2769,32,1
4867,3457,3143,32,0
4868,1478,2000,32,1
4869,2406,3089,36,0
4870,2441,3473,32,1
4871,98,2023,40,0
4872,3121,3432,36,1
4873,1986,1715,32,1
4874,4007,3094,28,1
4875,5363,3154,40,0
4876,1396,3083,40,1
4877,4931,2105,36,0
4878,8619,2587,40,1
4879,7504,2917,40,0
4880,8798,1514,40,1
4881,8339,2492,36,0
4882,8492,1951,28,0
4883,5146,2396,28,0
4884,2966,2019,36,1
4885,5766,1890,32,1
4886,8741,1919,28,1
4887,3013,2743,36,0
4888,4075,3475,36,1
4889,4302,1912,36,1
4890,6312,2291,40,1
4891,376,2406,28,0
4892,5323,2861,40,0
4893,8061,3346,36,0
4894,1183,2586,32,1
4895,6649,2283,32,1
4896,8848,2922,28,1
4897,5477,2279,36,0
4898,4395,3347,36,1
4899,8315,1593,36,0
4900,3339,3438,32,0
4901,1655,2550,28,1
4902,1448,2571,28,1
4903,8083,3023,40,0
4904,3258,2229,28,1
4905,8347,2436,32,0
4906,6101,1927,32,0
4907,2217,2973,32,1
4908,7929,3295,36,0
4909,4436,1775,36,1
4910,5989,1895,36,1
4911,8415,1848,28,1
4912,3538,2396,32,0
4913,8182,1871,28,0
4914,1037,2862,32,1
4915,8908,2705,40,1
4916,214,1898,40,0
4917,15,3113,32,0
4918,4523,2351,40,1
4919,2933,2312,40,1
4920,1832,1935,28,1
4921,2344,1532,28,0
4922,3325,2311,36,1
4923,8877,2941,32,0
4924,3824,2018,36,0
4925,7354,2682,28,0
4926,4594,2086,40,0
4927,2195,2170,28,0
4928,3192,1573,32,1
4929,6320,2658,36,0
4930,1452,1628,28,0
4931,2007,3273,40,1
4932,4118,2850,40,1
4933,6626,3248,36,0
4934,496,2221,36,1
4935,2079,2910,32,0
4936,3333,2014,28,0
4937,7581,2534,28,1
4938,127,2585,28,1
4939,1874,2013,40,0
4940,2141,1790,28,1
4941,6850,2251,40,1
4942,7438,3281,28,0
4943,6103,2304,32,0
4944,4539,1668,36,1
4945,5685,2895,40,0
4946,6119,2416,28,1
4947,4325,2748,28,0
4948,2353,3092,32,1
4949,7036,1517,40,1
4950,1409,1816,40,0
4951,899,3203,28,0
4952,6611,2994,32,0
4953,6350,1633,36,0
4954,279,2333,32,0
4955,4075,2235,32,0
4956,4075,2542,28,1
4957,7631,1569,40,1
4958,8420,1562,36,1
4959,7147,3381,28,0
4960,6934,2851,32,1
4961,6719,1898,40,0
4962,624,2403,40,0
4963,6031,2618,28,1
4964,2634,1901,40,0
4965,4587,1897,28,1
4966,1141,1908,36,1
4967,5086,1984,32,0
4968,7087,2331,32,0
4969,4085,3432,40,1
4970,6294,3182,36,1
4971,6289,2675,40,0
4972,1042,1906,28,0
4973,1957,3061,32,1
4974,3644,3336,32,0
4975,5405,1781,40,0
4976,6889,3136,36,0
4977,2666,2417,32,0
4978,4441,3148,36,1
4979,7419,2297,36,0
4980,6550,3096,40,0
4981,8758,3025,32,1
4982,973,2010,28,0
4983,8529,3428,36,1
4984,1639,2637,32,0
4985,1972,1618,36,1
4986,1153,2017,40,1
4987,8426,2206,32,0
4988,2927,1680,36,1
4989,5421,1907,40,1
4990,5905,1886,36,0
4991,1652,2738,28,1
4992,2650,2353,32,0
4993,6241,1608,28,1
4994,5196,3160,36,0
4995,7915,2957,40,0
4996,6763,2989,32,0
4997,655,1668,40,1
4998,2510,2713,28,0
4999,1183,3323,40,0
5000,1410,1589,28,1
